slug,term,definition,page
average,Average,also called mean; a number that describes the central tendency of the data,https://stats.libretexts.org/Bookshelves/Introductory_Statistics/Introductory_Statistics_1e_(OpenStax)/01%3A_Sampling_and_Data/1.02%3A_Definitions_of_Statistics_Probability_and_Key_Terms
categorical-variable,Categorical Variable,variables that take on values that are names or labels,https://stats.libretexts.org/Bookshelves/Introductory_Statistics/Introductory_Statistics_1e_(OpenStax)/01%3A_Sampling_and_Data/1.02%3A_Definitions_of_Statistics_Probability_and_Key_Terms
data,Data,a set of observations (a set of possible outcomes); most data can be put into two groups: qualitative (an attribute whose value is indicated by a label) or quantitative (an attribute whose value is indicated by a number). Quantitative data can be separated into two subgroups: discrete and continuous . Data is discrete if it is the result of counting (such as the number of students of a given ethnic group in a class or the number of books on a shelf). Data is continuous if it is the result of measuring (such as distance traveled or weight of luggage),https://stats.libretexts.org/Bookshelves/Introductory_Statistics/Introductory_Statistics_1e_(OpenStax)/01%3A_Sampling_and_Data/1.02%3A_Definitions_of_Statistics_Probability_and_Key_Terms
numerical-variable,Numerical Variable,variables that take on values that are indicated by numbers,https://stats.libretexts.org/Bookshelves/Introductory_Statistics/Introductory_Statistics_1e_(OpenStax)/01%3A_Sampling_and_Data/1.02%3A_Definitions_of_Statistics_Probability_and_Key_Terms
parameter,Parameter,a number that is used to represent a population characteristic and that generally cannot be determined easily,https://stats.libretexts.org/Bookshelves/Introductory_Statistics/Introductory_Statistics_1e_(OpenStax)/01%3A_Sampling_and_Data/1.02%3A_Definitions_of_Statistics_Probability_and_Key_Terms
population,Population,"all individuals, objects, or measurements whose properties are being studied",https://stats.libretexts.org/Bookshelves/Introductory_Statistics/Introductory_Statistics_1e_(OpenStax)/01%3A_Sampling_and_Data/1.02%3A_Definitions_of_Statistics_Probability_and_Key_Terms
probability,Probability,"a number between zero and one, inclusive, that gives the likelihood that a specific event will occur",https://stats.libretexts.org/Bookshelves/Introductory_Statistics/Introductory_Statistics_1e_(OpenStax)/01%3A_Sampling_and_Data/1.02%3A_Definitions_of_Statistics_Probability_and_Key_Terms
proportion,Proportion,the number of successes divided by the total number in the sample,https://stats.libretexts.org/Bookshelves/Introductory_Statistics/Introductory_Statistics_1e_(OpenStax)/01%3A_Sampling_and_Data/1.02%3A_Definitions_of_Statistics_Probability_and_Key_Terms
representative-sample,Representative Sample,a subset of the population that has the same characteristics as the population,https://stats.libretexts.org/Bookshelves/Introductory_Statistics/Introductory_Statistics_1e_(OpenStax)/01%3A_Sampling_and_Data/1.02%3A_Definitions_of_Statistics_Probability_and_Key_Terms
sample,Sample,a subset of the population studied,https://stats.libretexts.org/Bookshelves/Introductory_Statistics/Introductory_Statistics_1e_(OpenStax)/01%3A_Sampling_and_Data/1.02%3A_Definitions_of_Statistics_Probability_and_Key_Terms
statistic,Statistic,a numerical characteristic of the sample; a statistic estimates the corresponding population parameter.,https://stats.libretexts.org/Bookshelves/Introductory_Statistics/Introductory_Statistics_1e_(OpenStax)/01%3A_Sampling_and_Data/1.02%3A_Definitions_of_Statistics_Probability_and_Key_Terms
variable,Variable,a characteristic of interest for each person or object in a population,https://stats.libretexts.org/Bookshelves/Introductory_Statistics/Introductory_Statistics_1e_(OpenStax)/01%3A_Sampling_and_Data/1.02%3A_Definitions_of_Statistics_Probability_and_Key_Terms
cluster-sampling,Cluster Sampling,a method for selecting a random sample and dividing the population into groups (clusters); use simple random sampling to select a set of clusters. Every individual in the chosen clusters is included in the sample.,https://stats.libretexts.org/Bookshelves/Introductory_Statistics/Introductory_Statistics_1e_(OpenStax)/01%3A_Sampling_and_Data/1.03%3A_Data_Sampling_and_Variation_in_Data_and_Sampling
continuous-random-variable,Continuous Random Variable,a random variable (RV) whose outcomes are measured; the height of trees in the forest is a continuous RV.,https://stats.libretexts.org/Bookshelves/Introductory_Statistics/Introductory_Statistics_1e_(OpenStax)/01%3A_Sampling_and_Data/1.03%3A_Data_Sampling_and_Variation_in_Data_and_Sampling
convenience-sampling,Convenience Sampling,a nonrandom method of selecting a sample; this method selects individuals that are easily accessible and may result in biased data.,https://stats.libretexts.org/Bookshelves/Introductory_Statistics/Introductory_Statistics_1e_(OpenStax)/01%3A_Sampling_and_Data/1.03%3A_Data_Sampling_and_Variation_in_Data_and_Sampling
discrete-random-variable,Discrete Random Variable,a random variable (RV) whose outcomes are counted,https://stats.libretexts.org/Bookshelves/Introductory_Statistics/Introductory_Statistics_1e_(OpenStax)/01%3A_Sampling_and_Data/1.03%3A_Data_Sampling_and_Variation_in_Data_and_Sampling
nonsampling-error,Nonsampling Error,"an issue that affects the reliability of sampling data other than natural variation; it includes a variety of human errors including poor study design, biased sampling methods, inaccurate information provided by study participants, data entry errors, and poor analysis.",https://stats.libretexts.org/Bookshelves/Introductory_Statistics/Introductory_Statistics_1e_(OpenStax)/01%3A_Sampling_and_Data/1.03%3A_Data_Sampling_and_Variation_in_Data_and_Sampling
qualitative-data,Qualitative Data,See Data .,https://stats.libretexts.org/Bookshelves/Introductory_Statistics/Introductory_Statistics_1e_(OpenStax)/01%3A_Sampling_and_Data/1.03%3A_Data_Sampling_and_Variation_in_Data_and_Sampling
quantitative-data,Quantitative Data,See Data .,https://stats.libretexts.org/Bookshelves/Introductory_Statistics/Introductory_Statistics_1e_(OpenStax)/01%3A_Sampling_and_Data/1.03%3A_Data_Sampling_and_Variation_in_Data_and_Sampling
random-sampling,Random Sampling,a method of selecting a sample that gives every member of the population an equal chance of being selected.,https://stats.libretexts.org/Bookshelves/Introductory_Statistics/Introductory_Statistics_1e_(OpenStax)/01%3A_Sampling_and_Data/1.03%3A_Data_Sampling_and_Variation_in_Data_and_Sampling
sampling-bias,Sampling Bias,not all members of the population are equally likely to be selected,https://stats.libretexts.org/Bookshelves/Introductory_Statistics/Introductory_Statistics_1e_(OpenStax)/01%3A_Sampling_and_Data/1.03%3A_Data_Sampling_and_Variation_in_Data_and_Sampling
sampling-error,Sampling Error,"the natural variation that results from selecting a sample to represent a larger population; this variation decreases as the sample size increases, so selecting larger samples reduces sampling error.",https://stats.libretexts.org/Bookshelves/Introductory_Statistics/Introductory_Statistics_1e_(OpenStax)/01%3A_Sampling_and_Data/1.03%3A_Data_Sampling_and_Variation_in_Data_and_Sampling
sampling-with-replacement,Sampling with Replacement,"Once a member of the population is selected for inclusion in a sample, that member is returned to the population for the selection of the next individual.",https://stats.libretexts.org/Bookshelves/Introductory_Statistics/Introductory_Statistics_1e_(OpenStax)/01%3A_Sampling_and_Data/1.03%3A_Data_Sampling_and_Variation_in_Data_and_Sampling
sampling-without-replacement,Sampling without Replacement,"A member of the population may be chosen for inclusion in a sample only once. If chosen, the member is not returned to the population before the next selection.",https://stats.libretexts.org/Bookshelves/Introductory_Statistics/Introductory_Statistics_1e_(OpenStax)/01%3A_Sampling_and_Data/1.03%3A_Data_Sampling_and_Variation_in_Data_and_Sampling
simple-random-sampling,Simple Random Sampling,a straightforward method for selecting a random sample; give each member of the population a number. Use a random number generator to select a set of labels. These randomly selected labels identify the members of your sample.,https://stats.libretexts.org/Bookshelves/Introductory_Statistics/Introductory_Statistics_1e_(OpenStax)/01%3A_Sampling_and_Data/1.03%3A_Data_Sampling_and_Variation_in_Data_and_Sampling
stratified-sampling,Stratified Sampling,a method for selecting a random sample used to ensure that subgroups of the population are represented adequately; divide the population into groups (strata). Use simple random sampling to identify a proportionate number of individuals from each stratum.,https://stats.libretexts.org/Bookshelves/Introductory_Statistics/Introductory_Statistics_1e_(OpenStax)/01%3A_Sampling_and_Data/1.03%3A_Data_Sampling_and_Variation_in_Data_and_Sampling
systematic-sampling,Systematic Sampling,"a method for selecting a random sample; list the members of the population. Use simple random sampling to select a starting point in the population. Let k = (number of individuals in the population)/(number of individuals needed in the sample). Choose every kth individual in the list starting with the one that was randomly selected. If necessary, return to the beginning of the population list to complete your sample.",https://stats.libretexts.org/Bookshelves/Introductory_Statistics/Introductory_Statistics_1e_(OpenStax)/01%3A_Sampling_and_Data/1.03%3A_Data_Sampling_and_Variation_in_Data_and_Sampling
cumulative-relative-frequency,Cumulative Relative Frequency,The term applies to an ordered set of observations from smallest to largest. The cumulative relative frequency is the sum of the relative frequencies for all values that are less than or equal to the given value.,https://stats.libretexts.org/Bookshelves/Introductory_Statistics/Introductory_Statistics_1e_(OpenStax)/01%3A_Sampling_and_Data/1.04%3A_Frequency_Frequency_Tables_and_Levels_of_Measurement
explanatory-variable,Explanatory Variable,the independent variable in an experiment; the value controlled by researchers,https://stats.libretexts.org/Bookshelves/Introductory_Statistics/Introductory_Statistics_1e_(OpenStax)/01%3A_Sampling_and_Data/1.05%3A_Experimental_Design_and_Ethics
treatments,Treatments,different values or components of the explanatory variable applied in an experiment,https://stats.libretexts.org/Bookshelves/Introductory_Statistics/Introductory_Statistics_1e_(OpenStax)/01%3A_Sampling_and_Data/1.05%3A_Experimental_Design_and_Ethics
response-variable,Response Variable,the dependent variable in an experiment; the value that is measured for change at the end of an experiment,https://stats.libretexts.org/Bookshelves/Introductory_Statistics/Introductory_Statistics_1e_(OpenStax)/01%3A_Sampling_and_Data/1.05%3A_Experimental_Design_and_Ethics
experimental-unit,Experimental Unit,any individual or object to be measured,https://stats.libretexts.org/Bookshelves/Introductory_Statistics/Introductory_Statistics_1e_(OpenStax)/01%3A_Sampling_and_Data/1.05%3A_Experimental_Design_and_Ethics
lurking-variable,Lurking Variable,a variable that has an effect on a study even though it is neither an explanatory variable nor a response variable,https://stats.libretexts.org/Bookshelves/Introductory_Statistics/Introductory_Statistics_1e_(OpenStax)/01%3A_Sampling_and_Data/1.05%3A_Experimental_Design_and_Ethics
random-assignment,Random Assignment,the act of organizing experimental units into treatment groups using random methods,https://stats.libretexts.org/Bookshelves/Introductory_Statistics/Introductory_Statistics_1e_(OpenStax)/01%3A_Sampling_and_Data/1.05%3A_Experimental_Design_and_Ethics
control-group,Control Group,a group in a randomized experiment that receives an inactive treatment but is otherwise managed exactly as the other groups,https://stats.libretexts.org/Bookshelves/Introductory_Statistics/Introductory_Statistics_1e_(OpenStax)/01%3A_Sampling_and_Data/1.05%3A_Experimental_Design_and_Ethics
informed-consent,Informed Consent,"Any human subject in a research study must be cognizant of any risks or costs associated with the study. The subject has the right to know the nature of the treatments included in the study, their potential risks, and their potential benefits. Consent must be given freely by an informed, fit participant.",https://stats.libretexts.org/Bookshelves/Introductory_Statistics/Introductory_Statistics_1e_(OpenStax)/01%3A_Sampling_and_Data/1.05%3A_Experimental_Design_and_Ethics
institutional-review-board,Institutional Review Board,a committee tasked with oversight of research programs that involve human subjects,https://stats.libretexts.org/Bookshelves/Introductory_Statistics/Introductory_Statistics_1e_(OpenStax)/01%3A_Sampling_and_Data/1.05%3A_Experimental_Design_and_Ethics
placebo,Placebo,an inactive treatment that has no real effect on the explanatory variable,https://stats.libretexts.org/Bookshelves/Introductory_Statistics/Introductory_Statistics_1e_(OpenStax)/01%3A_Sampling_and_Data/1.05%3A_Experimental_Design_and_Ethics
blinding,Blinding,not telling participants which treatment a subject is receiving,https://stats.libretexts.org/Bookshelves/Introductory_Statistics/Introductory_Statistics_1e_(OpenStax)/01%3A_Sampling_and_Data/1.05%3A_Experimental_Design_and_Ethics
double-blinding,Double-blinding,the act of blinding both the subjects of an experiment and the researchers who work with the subjects,https://stats.libretexts.org/Bookshelves/Introductory_Statistics/Introductory_Statistics_1e_(OpenStax)/01%3A_Sampling_and_Data/1.05%3A_Experimental_Design_and_Ethics
box-plot,Box plot,a graph that gives a quick picture of the middle 50% of the data,https://stats.libretexts.org/Bookshelves/Introductory_Statistics/Introductory_Statistics_1e_(OpenStax)/02%3A_Descriptive_Statistics/2.05%3A_Box_Plots
first-quartile,First Quartile,the value that is the median of the of the lower half of the ordered data set,https://stats.libretexts.org/Bookshelves/Introductory_Statistics/Introductory_Statistics_1e_(OpenStax)/02%3A_Descriptive_Statistics/2.05%3A_Box_Plots
frequency-polygon,Frequency Polygon,looks like a line graph but uses intervals to display ranges of large amounts of data,https://stats.libretexts.org/Bookshelves/Introductory_Statistics/Introductory_Statistics_1e_(OpenStax)/02%3A_Descriptive_Statistics/2.05%3A_Box_Plots
interval,Interval,also called a class interval; an interval represents a range of data and is used when displaying large data sets,https://stats.libretexts.org/Bookshelves/Introductory_Statistics/Introductory_Statistics_1e_(OpenStax)/02%3A_Descriptive_Statistics/2.05%3A_Box_Plots
paired-data-set,Paired Data Set,two data sets that have a one to one relationship so that:,https://stats.libretexts.org/Bookshelves/Introductory_Statistics/Introductory_Statistics_1e_(OpenStax)/02%3A_Descriptive_Statistics/2.05%3A_Box_Plots
skewed,Skewed,"used to describe data that is not symmetrical; when the right side of a graph looks “chopped off” compared the left side, we say it is “skewed to the left.” When the left side of the graph looks “chopped off” compared to the right side, we say the data is “skewed to the right.” Alternatively: when the lower values of the data are more spread out, we say the data are skewed to the left. When the greater values are more spread out, the data are skewed to the right.",https://stats.libretexts.org/Bookshelves/Introductory_Statistics/Introductory_Statistics_1e_(OpenStax)/02%3A_Descriptive_Statistics/2.05%3A_Box_Plots
frequency-table,Frequency Table,a data representation in which grouped data is displayed along with the corresponding frequencies,https://stats.libretexts.org/Bookshelves/Introductory_Statistics/Introductory_Statistics_1e_(OpenStax)/02%3A_Descriptive_Statistics/2.06%3A_Measures_of_the_Center_of_the_Data
standard-deviation,Standard Deviation,a number that is equal to the square root of the variance and measures how far data values are from their mean; notation: s for sample standard deviation and σ for population standard deviation.,https://stats.libretexts.org/Bookshelves/Introductory_Statistics/Introductory_Statistics_1e_(OpenStax)/02%3A_Descriptive_Statistics/2.08%3A_Measures_of_the_Spread_of_the_Data
conditional-probability,Conditional Probability,the likelihood that an event will occur given that another event has already occurred,https://stats.libretexts.org/Bookshelves/Introductory_Statistics/Introductory_Statistics_1e_(OpenStax)/03%3A_Probability_Topics/3.02%3A_Terminology
equally-likely,Equally Likely,Each outcome of an experiment has the same probability.,https://stats.libretexts.org/Bookshelves/Introductory_Statistics/Introductory_Statistics_1e_(OpenStax)/03%3A_Probability_Topics/3.02%3A_Terminology
event,Event,"a subset of the set of all outcomes of an experiment; the set of all outcomes of an experiment is called a sample space and is usually denoted by \(S\). An event is an arbitrary subset in \(S\). It can contain one outcome, two outcomes, no outcomes (empty subset), the entire sample space, and the like. Standard notations for events are capital letters such as \(A, B, C\), and so on.",https://stats.libretexts.org/Bookshelves/Introductory_Statistics/Introductory_Statistics_1e_(OpenStax)/03%3A_Probability_Topics/3.02%3A_Terminology
experiment,Experiment,a planned activity carried out under controlled conditions,https://stats.libretexts.org/Bookshelves/Introductory_Statistics/Introductory_Statistics_1e_(OpenStax)/03%3A_Probability_Topics/3.02%3A_Terminology
outcome,Outcome,a particular result of an experiment,https://stats.libretexts.org/Bookshelves/Introductory_Statistics/Introductory_Statistics_1e_(OpenStax)/03%3A_Probability_Topics/3.02%3A_Terminology
sample-space,Sample Space,the set of all possible outcomes of an experiment,https://stats.libretexts.org/Bookshelves/Introductory_Statistics/Introductory_Statistics_1e_(OpenStax)/03%3A_Probability_Topics/3.02%3A_Terminology
the-and-event,The AND Event,An outcome is in the event \(\text{A AND B}\) if the outcome is in both \(\text{A AND B}\) at the same time.,https://stats.libretexts.org/Bookshelves/Introductory_Statistics/Introductory_Statistics_1e_(OpenStax)/03%3A_Probability_Topics/3.02%3A_Terminology
the-complement-event,The Complement Event,The complement of event \(\text{A}\) consists of all outcomes that are NOT in \(\text{A}\).,https://stats.libretexts.org/Bookshelves/Introductory_Statistics/Introductory_Statistics_1e_(OpenStax)/03%3A_Probability_Topics/3.02%3A_Terminology
the-conditional-probability-of-a-given-b,The Conditional Probability of A GIVEN B,\(P(\text{A|B})\) is the probability that event \(\text{A}\) will occur given that the event \(\text{B}\) has already occurred.,https://stats.libretexts.org/Bookshelves/Introductory_Statistics/Introductory_Statistics_1e_(OpenStax)/03%3A_Probability_Topics/3.02%3A_Terminology
the-or-event,The Or Event,An outcome is in the event \(\text{A OR B}\) if the outcome is in \(\text{A}\) or is in \(\text{B}\) or is in both \(\text{A}\) and \(\text{B}\).,https://stats.libretexts.org/Bookshelves/Introductory_Statistics/Introductory_Statistics_1e_(OpenStax)/03%3A_Probability_Topics/3.02%3A_Terminology
dependent-events,Dependent Events,"If two events are NOT independent, then we say that they are dependent.",https://stats.libretexts.org/Bookshelves/Introductory_Statistics/Introductory_Statistics_1e_(OpenStax)/03%3A_Probability_Topics/3.03%3A_Independent_and_Mutually_Exclusive_Events
the-conditional-probability-of-one-event-given-another-event,The Conditional Probability of One Event Given Another Event,P ( A | B ) is the probability that event A will occur given that the event B has already occurred.,https://stats.libretexts.org/Bookshelves/Introductory_Statistics/Introductory_Statistics_1e_(OpenStax)/03%3A_Probability_Topics/3.03%3A_Independent_and_Mutually_Exclusive_Events
the-or-of-two-events,The OR of Two Events,"An outcome is in the event A OR B if the outcome is in A , is in B , or is in both A and B .",https://stats.libretexts.org/Bookshelves/Introductory_Statistics/Introductory_Statistics_1e_(OpenStax)/03%3A_Probability_Topics/3.03%3A_Independent_and_Mutually_Exclusive_Events
independent-events,Independent Events,The occurrence of one event has no effect on the probability of the occurrence of another event. Events \(\text{A}\) and \(\text{B}\) are independent if one of the following is true: \(P(\text{A|B}) = P(\text{A})\) \(P(\text{B|A}) = P(\text{B})\) \(P(\text{A AND B}) = P(\text{A})P(\text{B})\),https://stats.libretexts.org/Bookshelves/Introductory_Statistics/Introductory_Statistics_1e_(OpenStax)/03%3A_Probability_Topics/3.04%3A_Two_Basic_Rules_of_Probability
mutually-exclusive,Mutually Exclusive,"Two events are mutually exclusive if the probability that they both happen at the same time is zero. If events \(\text{A}\) and \(\text{B}\) are mutually exclusive, then \(P(\text{A AND B}) = 0\).",https://stats.libretexts.org/Bookshelves/Introductory_Statistics/Introductory_Statistics_1e_(OpenStax)/03%3A_Probability_Topics/3.04%3A_Two_Basic_Rules_of_Probability
contingency-table,contingency table,the method of displaying a frequency distribution as a table with rows and columns to show how two variables may be dependent (contingent) upon each other; the table provides an easy way to calculate conditional probabilities.,https://stats.libretexts.org/Bookshelves/Introductory_Statistics/Introductory_Statistics_1e_(OpenStax)/03%3A_Probability_Topics/3.05%3A_Contingency_Tables
tree-diagram,Tree Diagram,"the useful visual representation of a sample space and events in the form of a “tree” with branches marked by possible outcomes together with associated probabilities (frequencies, relative frequencies)",https://stats.libretexts.org/Bookshelves/Introductory_Statistics/Introductory_Statistics_1e_(OpenStax)/03%3A_Probability_Topics/3.06%3A_Tree_and_Venn_Diagrams
venn-diagram,Venn Diagram,the visual representation of a sample space and events in the form of circles or ovals showing their intersections,https://stats.libretexts.org/Bookshelves/Introductory_Statistics/Introductory_Statistics_1e_(OpenStax)/03%3A_Probability_Topics/3.06%3A_Tree_and_Venn_Diagrams
random-variable-rv,Random Variable (RV),"a characteristic of interest in a population being studied; common notation for variables are upper case Latin letters \(X, Y, Z\),...; common notation for a specific value from the domain (set of all possible values of a variable) are lower case Latin letters \(x\), \(y\), and \(z\). For example, if \(X\) is the number of children in a family, then \(x\) represents a specific integer 0, 1, 2, 3,.... Variables in statistics differ from variables in intermediate algebra in the two following ways.",https://stats.libretexts.org/Bookshelves/Introductory_Statistics/Introductory_Statistics_1e_(OpenStax)/04%3A_Discrete_Random_Variables/4.01%3A_Prelude_to_Discrete_Random_Variables
probability-distribution-function-pdf,Probability Distribution Function (PDF),"a mathematical description of a discrete random variable ( RV ), given either in the form of an equation (formula) or in the form of a table listing all the possible outcomes of an experiment and the probability associated with each outcome.",https://stats.libretexts.org/Bookshelves/Introductory_Statistics/Introductory_Statistics_1e_(OpenStax)/04%3A_Discrete_Random_Variables/4.02%3A_Probability_Distribution_Function_(PDF)_for_a_Discrete_Random_Variable
expected-value,Expected Value,"expected arithmetic average when an experiment is repeated many times; also called the mean. Notations: \(\mu\). For a discrete random variable (RV) with probability distribution function \(P(x)\),the definition can also be written in the form \(\mu = \sum{xP(x)}\).",https://stats.libretexts.org/Bookshelves/Introductory_Statistics/Introductory_Statistics_1e_(OpenStax)/04%3A_Discrete_Random_Variables/4.03%3A_Mean_or_Expected_Value_and_Standard_Deviation
mean,Mean,"a number that measures the central tendency; a common name for mean is ‘average.’ The term ‘mean’ is a shortened form of ‘arithmetic mean.’ By definition, the mean for a sample (detonated by \(\bar{x}\)) is \(\bar{x} = \dfrac{\text{Sum of all values in the sample}}{\text{Number of values in the sample}}\) and the mean for a population (denoted by \(\mu\)) is \(\mu = \dfrac{\text{Sum of all values in the population}}{\text{Number of values in the population}}\).",https://stats.libretexts.org/Bookshelves/Introductory_Statistics/Introductory_Statistics_1e_(OpenStax)/04%3A_Discrete_Random_Variables/4.03%3A_Mean_or_Expected_Value_and_Standard_Deviation
mean-of-a-probability-distribution,Mean of a Probability Distribution,the long-term average of many trials of a statistical experiment,https://stats.libretexts.org/Bookshelves/Introductory_Statistics/Introductory_Statistics_1e_(OpenStax)/04%3A_Discrete_Random_Variables/4.03%3A_Mean_or_Expected_Value_and_Standard_Deviation
standard-deviation-of-a-probability-distribution,Standard Deviation of a Probability Distribution,a number that measures how far the outcomes of a statistical experiment are from the mean of the distribution,https://stats.libretexts.org/Bookshelves/Introductory_Statistics/Introductory_Statistics_1e_(OpenStax)/04%3A_Discrete_Random_Variables/4.03%3A_Mean_or_Expected_Value_and_Standard_Deviation
the-law-of-large-numbers,The Law of Large Numbers,"As the number of trials in a probability experiment increases, the difference between the theoretical probability of an event and the relative frequency probability approaches zero.",https://stats.libretexts.org/Bookshelves/Introductory_Statistics/Introductory_Statistics_1e_(OpenStax)/04%3A_Discrete_Random_Variables/4.03%3A_Mean_or_Expected_Value_and_Standard_Deviation
binomial-experiment,Binomial Experiment,a statistical experiment that satisfies the following three conditions:,https://stats.libretexts.org/Bookshelves/Introductory_Statistics/Introductory_Statistics_1e_(OpenStax)/04%3A_Discrete_Random_Variables/4.04%3A_Binomial_Distribution
bernoulli-trials,Bernoulli Trials,an experiment with the following characteristics:,https://stats.libretexts.org/Bookshelves/Introductory_Statistics/Introductory_Statistics_1e_(OpenStax)/04%3A_Discrete_Random_Variables/4.04%3A_Binomial_Distribution
binomial-probability-distribution,Binomial Probability Distribution,"a discrete random variable (RV) that arises from Bernoulli trials; there are a fixed number, \(n\), of independent trials. “Independent” means that the result of any trial (for example, trial one) does not affect the results of the following trials, and all trials are conducted under the same conditions. Under these circumstances the binomial RV \(X\) is defined as the number of successes in \(n\) trials. The notation is: \(X ~ B(n, p)\). The mean is \(\mu = np\) and the standard deviation is \(\sigma = \sqrt{npq}\). The probability of exactly \(x\) successes in \(n\) trials is \(P(X = x) = {n \choose x}p^{x}q^{n-x}\).",https://stats.libretexts.org/Bookshelves/Introductory_Statistics/Introductory_Statistics_1e_(OpenStax)/04%3A_Discrete_Random_Variables/4.04%3A_Binomial_Distribution
geometric-distribution,Geometric Distribution,a discrete random variable (RV) that arises from the Bernoulli trials; the trials are repeated until the first success. The geometric variable \(X\) is defined as the number of trials until the first success. Notation: \(X \sim G(p)\). The mean is \(\mu = \dfrac{1}{p}\) and the standard deviation is \(\sigma =\),https://stats.libretexts.org/Bookshelves/Introductory_Statistics/Introductory_Statistics_1e_(OpenStax)/04%3A_Discrete_Random_Variables/4.05%3A_Geometric_Distribution
geometric-experiment,Geometric Experiment,a statistical experiment with the following properties:,https://stats.libretexts.org/Bookshelves/Introductory_Statistics/Introductory_Statistics_1e_(OpenStax)/04%3A_Discrete_Random_Variables/4.05%3A_Geometric_Distribution
hypergeometric-experiment,Hypergeometric Experiment,"a statistical experiment with the following properties: You take samples from two groups. You are concerned with a group of interest, called the first group. You sample without replacement from the combined groups. Each pick is not independent, since sampling is without replacement. You are not dealing with Bernoulli Trials.",https://stats.libretexts.org/Bookshelves/Introductory_Statistics/Introductory_Statistics_1e_(OpenStax)/04%3A_Discrete_Random_Variables/4.06%3A_Hypergeometric_Distribution
hypergeometric-probability,Hypergeometric Probability,"a discrete random variable (RV) that is characterized by: A fixed number of trials. The probability of success is not the same from trial to trial. We sample from two groups of items when we are interested in only one group. \(X\) is defined as the number of successes out of the total number of items chosen. Notation: \(X \sim H(r, b, n)\), where \(r =\) the number of items in the group of interest, \(b =\) the number of items in the group not of interest, and \(n =\) the number of items chosen.",https://stats.libretexts.org/Bookshelves/Introductory_Statistics/Introductory_Statistics_1e_(OpenStax)/04%3A_Discrete_Random_Variables/4.06%3A_Hypergeometric_Distribution
poisson-probability-distribution,Poisson Probability Distribution,"a discrete random variable (RV) that counts the number of times a certain event will occur in a specific interval; characteristics of the variable: The probability that the event occurs in a given interval is the same for all intervals. The events occur with a known mean and independently of the time since the last event. The distribution is defined by the mean \(\mu\) of the event in the interval. Notation: \(X \sim P(\mu)\). The mean is \(\mu = np\). The standard deviation is \(\sigma = \sqrt{\mu}\). The probability of having exactly \(x\) successes in \(r\) trials is \(P(X = x) =\) \[\left(e^{-\mu}\right)\frac{\mu^{x}}{x!}\] . The Poisson distribution is often used to approximate the binomial distribution, when \(n\) is “large” and \(p\) is “small” (a general rule is that \(n\) should be greater than or equal to 20 and \(p\) should be less than or equal to 0.05).",https://stats.libretexts.org/Bookshelves/Introductory_Statistics/Introductory_Statistics_1e_(OpenStax)/04%3A_Discrete_Random_Variables/4.07%3A_Poisson_Distribution
uniform-distribution,Uniform Distribution,"a continuous random variable (RV) that has equally likely outcomes over the domain, \(a < x < b\); it is often referred as the rectangular distribution because the graph of the pdf has the form of a rectangle. Notation: \(X \sim U(a,b)\). The mean is \(\mu = \frac{a+b}{2}\) and the standard deviation is \(\sigma = \sqrt{\frac{(b-a)^{2}}{12}}\). The probability density function is \(f(x) = \frac{1}{b-a}\) for \(a < x < b\) or \(a \leq x \leq b\). The cumulative distribution is \(P(X \leq x) = \frac{x-a}{b-a}\).",https://stats.libretexts.org/Bookshelves/Introductory_Statistics/Introductory_Statistics_1e_(OpenStax)/05%3A_Continuous_Random_Variables/5.01%3A_Introduction
exponential-distribution,Exponential Distribution,"a continuous random variable (RV) that appears when we are interested in the intervals of time between some random events, for example, the length of time between emergency arrivals at a hospital; the notation is \(X \sim \text{Exp}(m)\). The mean is \(\mu = \frac{1}{m}\) and the standard deviation is \(\sigma = \frac{1}{m}\). The probability density function is \(f(x) = me^{-mx}\), \(x \geq 0\) and the cumulative distribution function is \(P(X \leq x) = 1 − e^{mx}\).",https://stats.libretexts.org/Bookshelves/Introductory_Statistics/Introductory_Statistics_1e_(OpenStax)/05%3A_Continuous_Random_Variables/5.01%3A_Introduction
decay-parameter,decay parameter,"The decay parameter describes the rate at which probabilities decay to zero for increasing values of \(x\). It is the value \(m\) in the probability density function \(f(x) = me^{(-mx)}\) of an exponential random variable. It is also equal to \(m = \dfrac{1}{\mu}\), where \(\mu\) is the mean of the random variable.",https://stats.libretexts.org/Bookshelves/Introductory_Statistics/Introductory_Statistics_1e_(OpenStax)/05%3A_Continuous_Random_Variables/5.04%3A_The_Exponential_Distribution
memoryless-property,memoryless property,"For an exponential random variable \(X\), the memoryless property is the statement that knowledge of what has occurred in the past has no effect on future probabilities. This means that the probability that \(X\) exceeds \(x + k\), given that it has exceeded \(x\), is the same as the probability that \(X\) would exceed \(k\) if we had no knowledge about it. In symbols we say that \(P(X > x + k | X > x) = P(X > k)\)",https://stats.libretexts.org/Bookshelves/Introductory_Statistics/Introductory_Statistics_1e_(OpenStax)/05%3A_Continuous_Random_Variables/5.04%3A_The_Exponential_Distribution
poisson-distribution,Poisson distribution,"If there is a known average of \(\lambda\) events occurring per unit time, and these events are independent of each other, then the number of events \(X\) occurring in one unit of time has the Poisson distribution. The probability of k events occurring in one unit time is equal to \(P(X = k) = \dfrac{\lambda^{k}e^{-\lambda}}{k!}\).",https://stats.libretexts.org/Bookshelves/Introductory_Statistics/Introductory_Statistics_1e_(OpenStax)/05%3A_Continuous_Random_Variables/5.04%3A_The_Exponential_Distribution
normal-distribution,Normal Distribution,"a continuous random variable (RV) with pdf \[f(x) =﻿ \dfrac{1}{\sigma \sqrt{2 \pi}}e^{\dfrac{(x \cdot \mu)}{2 \sigma^{2}}^{2}}\], where \(\mu\) is the mean of the distribution and \(\sigma\) is the standard deviation; notation ﻿ : \(X \sim N(\mu, \sigma)\). If \(\mu = 0\) and \(\sigma = 1\), the RV is called the standard normal distribution .",https://stats.libretexts.org/Bookshelves/Introductory_Statistics/Introductory_Statistics_1e_(OpenStax)/06%3A_The_Normal_Distribution/6.01%3A_Prelude_to_The_Normal_Distribution
sampling-distribution,Sampling Distribution,"Given simple random samples of size \(n\) from a given population with a measured characteristic such as mean, proportion, or standard deviation for each sample, the probability distribution of all the measured characteristics is called a sampling distribution.",https://stats.libretexts.org/Bookshelves/Introductory_Statistics/Introductory_Statistics_1e_(OpenStax)/07%3A_The_Central_Limit_Theorem/7.01%3A_Prelude_to_the_Central_Limit_Theorem
confidence-interval-ci,Confidence Interval (CI),"an interval estimate for an unknown population parameter. This depends on: the desired confidence level, information that is known about the distribution (for example, known standard deviation), the sample and its size.",https://stats.libretexts.org/Bookshelves/Introductory_Statistics/Introductory_Statistics_1e_(OpenStax)/08%3A_Confidence_Intervals/8.01%3A_Prelude_to_Confidence_Intervals
inferential-statistics,Inferential Statistics,"also called statistical inference or inductive statistics; this facet of statistics deals with estimating a population parameter based on a sample statistic. For example, if four out of the 100 calculators sampled are defective we might infer that four percent of the production is defective.",https://stats.libretexts.org/Bookshelves/Introductory_Statistics/Introductory_Statistics_1e_(OpenStax)/08%3A_Confidence_Intervals/8.01%3A_Prelude_to_Confidence_Intervals
point-estimate,Point Estimate,a single number computed from a sample and used to estimate a population parameter,https://stats.libretexts.org/Bookshelves/Introductory_Statistics/Introductory_Statistics_1e_(OpenStax)/08%3A_Confidence_Intervals/8.01%3A_Prelude_to_Confidence_Intervals
degrees-of-freedom-df,Degrees of Freedom (\(df\)),the number of objects in a sample that are free to vary,https://stats.libretexts.org/Bookshelves/Introductory_Statistics/Introductory_Statistics_1e_(OpenStax)/08%3A_Confidence_Intervals/8.03%3A_A_Single_Population_Mean_using_the_Student_t-Distribution
student-s-t-distribution,Student's t -Distribution,"investigated and reported by William S. Gossett in 1908 and published under the pseudonym Student; the major characteristics of the random variable (RV) are: It is continuous and assumes any real values. The pdf is symmetrical about its mean of zero. However, it is more spread out and flatter at the apex than the normal distribution. It approaches the standard normal distribution as n get larger. There is a ""family"" of t–distributions: each representative of the family is completely defined by the number of degrees of freedom, which is one less than the number of data.",https://stats.libretexts.org/Bookshelves/Introductory_Statistics/Introductory_Statistics_1e_(OpenStax)/08%3A_Confidence_Intervals/8.03%3A_A_Single_Population_Mean_using_the_Student_t-Distribution
binomial-distribution,Binomial Distribution,"a discrete random variable (RV) which arises from Bernoulli trials; there are a fixed number, \(n\), of independent trials. “Independent” means that the result of any trial (for example, trial 1) does not affect the results of the following trials, and all trials are conducted under the same conditions. Under these circumstances the binomial RV \(X\) is defined as the number of successes in \(n\) trials. The notation is: \(X \sim B(\mathbf{n},\mathbf{p})\). The mean is \(\mu = np\) and the standard deviation is \(\sigma = \sqrt{npq}\). The probability of exactly \(x\) successes in \(n\) trials is \(P(X = x = \left(\binom{n}{x}\right))p^{x}q^{n-x}\).",https://stats.libretexts.org/Bookshelves/Introductory_Statistics/Introductory_Statistics_1e_(OpenStax)/08%3A_Confidence_Intervals/8.04%3A_A_Population_Proportion
error-bound-for-a-population-proportion-ebp,Error Bound for a Population Proportion (\(EBP\)),"the margin of error; depends on the confidence level, the sample size, and the estimated (from the sample) proportion of successes.",https://stats.libretexts.org/Bookshelves/Introductory_Statistics/Introductory_Statistics_1e_(OpenStax)/08%3A_Confidence_Intervals/8.04%3A_A_Population_Proportion
hypothesis-testing,Hypothesis Testing,"Based on sample evidence, a procedure for determining whether the hypothesis stated is a reasonable statement and should not be rejected, or is unreasonable and should be rejected.",https://stats.libretexts.org/Bookshelves/Introductory_Statistics/Introductory_Statistics_1e_(OpenStax)/09%3A_Hypothesis_Testing_with_One_Sample/9.01%3A_Prelude_to_Hypothesis_Testing
central-limit-theorem,Central Limit Theorem,"Given a random variable (RV) with known mean \(\mu\) and known standard deviation \(\sigma\). We are sampling with size \(n\) and we are interested in two new RVs - the sample mean, \(\bar{X}\), and the sample sum, \(\sum X\). If the size \(n\) of the sample is sufficiently large, then \(\bar{X} - N\left(\mu, \frac{\sigma}{\sqrt{n}}\right)\) and \(\sum X - N \left(n\mu, \sqrt{n}\sigma\right)\). If the size n of the sample is sufficiently large, then the distribution of the sample means and the distribution of the sample sums will approximate a normal distribution regardless of the shape of the population. The mean of the sample means will equal the population mean and the mean of the sample sums will equal \(n\) times the population mean. The standard deviation of the distribution of the sample means, \(\frac{\sigma}{\sqrt{n}}\), is called the standard error of the mean.",https://stats.libretexts.org/Bookshelves/Introductory_Statistics/Introductory_Statistics_1e_(OpenStax)/09%3A_Hypothesis_Testing_with_One_Sample/9.06%3A_Additional_Information_and_Full_Hypothesis_Test_Examples
variable-random-variable,Variable (Random Variable),"a characteristic of interest in a population being studied. Common notation for variables are upper-case Latin letters \(X, Y, Z,\)... Common notation for a specific value from the domain (set of all possible values of a variable) are lower-case Latin letters \(x, y, z,\).... For example, if \(X\) is the number of children in a family, then \(x\) represents a specific integer 0, 1, 2, 3, .... Variables in statistics differ from variables in intermediate algebra in the two following ways. The domain of the random variable (RV) is not necessarily a numerical set; the domain may be expressed in words; for example, if \(X =\) hair color, then the domain is {black, blond, gray, green, orange}. We can tell what specific value x of the random variable \(X\) takes only after performing the experiment.",https://stats.libretexts.org/Bookshelves/Introductory_Statistics/Introductory_Statistics_1e_(OpenStax)/10%3A_Hypothesis_Testing_with_Two_Samples/10.02%3A_Two_Population_Means_with_Unknown_Standard_Deviations
pooled-proportion,Pooled Proportion,estimate of the common value of \(p_{1}\) and \(p_{2}\).,https://stats.libretexts.org/Bookshelves/Introductory_Statistics/Introductory_Statistics_1e_(OpenStax)/10%3A_Hypothesis_Testing_with_Two_Samples/10.04%3A_Comparing_Two_Independent_Population_Proportions
analysis-of-variance,Analysis of Variance,"also referred to as ANOVA, is a method of testing whether or not the means of three or more populations are equal. The method is applicable if: all populations of interest are normally distributed. the populations have equal standard deviations. samples (not necessarily of the same size) are randomly and independently selected from each population. The test statistic for analysis of variance is the \(F\)-ratio.",https://stats.libretexts.org/Bookshelves/Introductory_Statistics/Introductory_Statistics_1e_(OpenStax)/13%3A_F_Distribution_and_One-Way_ANOVA/13.02%3A_One-Way_ANOVA
one-wayanova,One-WayANOVA,a method of testing whether or not the means of three or more populations are equal; the method is applicable if: all populations of interest are normally distributed. the populations have equal standard deviations. samples (not necessarily of the same size) are randomly and independently selected from each population. The test statistic for analysis of variance is the \(F\)-ratio.,https://stats.libretexts.org/Bookshelves/Introductory_Statistics/Introductory_Statistics_1e_(OpenStax)/13%3A_F_Distribution_and_One-Way_ANOVA/13.02%3A_One-Way_ANOVA
variance,Variance,"mean of the squared deviations from the mean; the square of the standard deviation. For a set of data, a deviation can be represented as \(x - \bar{x}\) where \(x\) is a value of the data and \(\bar{x}\) is the sample mean. The sample variance is equal to the sum of the squares of the deviations divided by the difference of the sample size and one.",https://stats.libretexts.org/Bookshelves/Introductory_Statistics/Introductory_Statistics_1e_(OpenStax)/13%3A_F_Distribution_and_One-Way_ANOVA/13.02%3A_One-Way_ANOVA
