title,url,pages,sampled,with_glossary,terms_in_sample,forecast_usd
Exercises (Introductory Statistics),https://stats.libretexts.org/Bookshelves/Introductory_Statistics/Exercises_(Introductory_Statistics),36,12,0,0,0.170
Introductory Statistics 1e (OpenStax),https://stats.libretexts.org/Bookshelves/Introductory_Statistics/Introductory_Statistics_1e_(OpenStax),117,12,5,10,0.333
Introductory Statistics 2e (OpenStax),https://stats.libretexts.org/Bookshelves/Introductory_Statistics/Introductory_Statistics_2e_(OpenStax),187,40,1,1,0.285
Introductory Statistics (Shafer and Zhang),https://stats.libretexts.org/Bookshelves/Introductory_Statistics/Introductory_Statistics_(Shafer_and_Zhang),66,12,0,0,0.107
Introductory Statistics (Lane),https://stats.libretexts.org/Bookshelves/Introductory_Statistics/Introductory_Statistics_(Lane),253,12,0,0,0.406
OpenIntro Statistics (Diez et al).,https://stats.libretexts.org/Bookshelves/Introductory_Statistics/OpenIntro_Statistics_(Diez_et_al).,64,12,0,0,0.167
Visual Statistics Use R! (Shipunov),https://stats.libretexts.org/Bookshelves/Introductory_Statistics/Book%3A_Visual_Statistics_Use_R_(Shipunov),76,12,0,0,0.121
Foundations in Statistical Reasoning (Kaslik),https://stats.libretexts.org/Bookshelves/Introductory_Statistics/Foundations_in_Statistical_Reasoning_(Kaslik),20,12,0,0,0.043
Inferential Statistics and Probability - A Holistic Approach (Geraghty),https://stats.libretexts.org/Bookshelves/Introductory_Statistics/Inferential_Statistics_and_Probability_-_A_Holistic_Approach_(Geraghty),123,12,0,0,0.168
"Lies, Damned Lies, or Statistics - How to Tell the Truth with Statistics (Poritz)",https://stats.libretexts.org/Bookshelves/Introductory_Statistics/Book%3A_Lies_Damned_Lies_or_Statistics_-_How_to_Tell_the_Truth_with_Statistics_(Poritz),36,12,0,0,0.079
Statistics Done Wrong (Reinhart),https://stats.libretexts.org/Bookshelves/Introductory_Statistics/Statistics_Done_Wrong_(Reinhart),38,12,0,0,0.049
Statistics with Technology 2e (Kozak),https://stats.libretexts.org/Bookshelves/Introductory_Statistics/Statistics_with_Technology_2e_(Kozak),49,12,0,0,0.127
Statistical Thinking for the 21st Century (Poldrack),https://stats.libretexts.org/Bookshelves/Introductory_Statistics/Statistical_Thinking_for_the_21st_Century_(Poldrack),188,12,0,0,0.219
Support Course for Elementary Statistics,https://stats.libretexts.org/Bookshelves/Introductory_Statistics/Support_Course_for_Elementary_Statistics,38,12,0,0,0.058
Mostly Harmless Statistics (Webb),https://stats.libretexts.org/Bookshelves/Introductory_Statistics/Mostly_Harmless_Statistics_(Webb),97,12,0,0,0.201
Introductory Statistics (Hannah Seidler-Wright),https://stats.libretexts.org/Bookshelves/Introductory_Statistics/Introductory_Statistics_(Hannah_Seidler-Wright),47,12,0,0,0.050
Statistics: Open for Everyone (Peter),https://stats.libretexts.org/Bookshelves/Introductory_Statistics/Statistics%3A_Open_for_Everyone_(Peter),119,12,0,0,0.229
Statistics Through an Equity Lens (Anthony),https://stats.libretexts.org/Bookshelves/Introductory_Statistics/Statistics_Through_an_Equity_Lens_(Anthony),16,12,0,0,0.042
Introduction to Statistics 4e (Diez et al.),https://stats.libretexts.org/Bookshelves/Introductory_Statistics/Introduction_to_Statistics_4e_(Diez_et_al.),57,12,0,0,0.057
General Biology 2e (OpenStax),https://bio.libretexts.org/Bookshelves/Introductory_and_General_Biology/General_Biology_2e_(OpenStax),502,24,0,0,1.090
Concepts in Biology (OpenStax),https://bio.libretexts.org/Bookshelves/Introductory_and_General_Biology/Concepts_in_Biology_(OpenStax),114,24,17,177,0.322
Introductory Biology (CK-12),https://bio.libretexts.org/Bookshelves/Introductory_and_General_Biology/Introductory_Biology_(CK-12),336,24,0,0,0.506
Map: Essential Biology with Physiology (Campbell),https://bio.libretexts.org/Bookshelves/Introductory_and_General_Biology/Map%3A_Essential_Biology_with_Physiology_(Campbell),181,24,2,38,0.270
Biology (Kimball),https://bio.libretexts.org/Bookshelves/Introductory_and_General_Biology/Biology_(Kimball),351,24,0,0,0.579
General Biology (Boundless),https://bio.libretexts.org/Bookshelves/Introductory_and_General_Biology/General_Biology_(Boundless),717,24,0,0,1.108
Map: Raven Biology 12th Edition,https://bio.libretexts.org/Bookshelves/Introductory_and_General_Biology/Map%3A_Raven_Biology_12th_Edition,570,24,6,41,1.256
Principles of Biology,https://bio.libretexts.org/Bookshelves/Introductory_and_General_Biology/Principles_of_Biology,170,24,0,0,0.368
General Biology 1e (OpenStax),https://bio.libretexts.org/Bookshelves/Introductory_and_General_Biology/General_Biology_1e_(OpenStax),307,24,13,144,0.771
Biology II Laboratory Manual (Lumen),https://bio.libretexts.org/Bookshelves/Introductory_and_General_Biology/Biology_II_Laboratory_Manual_(Lumen),60,24,0,0,0.084
"Unfolding the Mystery of Life - Biology Lab Manual for Non-Science Majors (Genovesi, Blinderman and Natale)",https://bio.libretexts.org/Bookshelves/Introductory_and_General_Biology/Unfolding_the_Mystery_of_Life_-_Biology_Lab_Manual_for_Non-Science_Majors_(Genovesi_Blinderman_and_Natale),71,24,0,0,0.078
Supplemental Modules (Molecular Biology),https://bio.libretexts.org/Bookshelves/Introductory_and_General_Biology/Supplemental_Modules_(Molecular_Biology),6,6,0,0,0.041
Biology 102 Laboratory Manual: Biology of Plants and Animals (Ray and Jones),https://bio.libretexts.org/Bookshelves/Introductory_and_General_Biology/Biology_102_Laboratory_Manual%3A_Biology_of_Plants_and_Animals_(Ray_and_Jones),20,20,0,0,0.032
Beginning Chemistry (Ball),https://chem.libretexts.org/Bookshelves/Introductory_Chemistry/Beginning_Chemistry_(Ball),126,24,0,0,0.254
Introductory Chemistry (LibreTexts),https://chem.libretexts.org/Bookshelves/Introductory_Chemistry/Introductory_Chemistry_(LibreTexts),201,24,0,0,0.337
Introductory Chemistry (CK-12),https://chem.libretexts.org/Bookshelves/Introductory_Chemistry/Introductory_Chemistry_(CK-12),408,24,0,0,0.594
Introductory Chemistry Online! (Young),https://chem.libretexts.org/Bookshelves/Introductory_Chemistry/Book%3A_Introductory_Chemistry_Online_(Young),93,24,0,0,0.149
"The Basics of General, Organic, and Biological Chemistry (Ball et al.)",https://chem.libretexts.org/Bookshelves/Introductory_Chemistry/The_Basics_of_General_Organic_and_Biological_Chemistry_(Ball_et_al.),206,24,0,0,0.433
Introduction to General Chemistry (Malik),https://chem.libretexts.org/Bookshelves/Introductory_Chemistry/Introduction_to_General_Chemistry_(Malik),68,24,0,0,0.144
Introduction to Organic and Biochemistry (Malik),https://chem.libretexts.org/Bookshelves/Introductory_Chemistry/Introduction_to_Organic_and_Biochemistry_(Malik),71,24,0,0,0.171
Chemistry for Allied Health (Soult),https://chem.libretexts.org/Bookshelves/Introductory_Chemistry/Chemistry_for_Allied_Health_(Soult),82,24,0,0,0.189
Fundamentals of General Organic and Biological Chemistry (LibreTexts),https://chem.libretexts.org/Bookshelves/Introductory_Chemistry/Fundamentals_of_General_Organic_and_Biological_Chemistry_(LibreTexts),260,24,0,0,0.386
Chemistry and Global Awareness (Gordon),https://chem.libretexts.org/Bookshelves/Introductory_Chemistry/Chemistry_and_Global_Awareness_(Gordon),1,1,0,0,0.001
Chemistry for Changing Times (Hill and McCreary),https://chem.libretexts.org/Bookshelves/Introductory_Chemistry/Chemistry_for_Changing_Times_(Hill_and_McCreary),173,24,0,0,0.438
Map:  Introductory Chemistry (Corwin),https://chem.libretexts.org/Bookshelves/Introductory_Chemistry/Map%3A__Introductory_Chemistry_(Corwin),198,24,0,0,0.229
Exercises (University Physics),https://phys.libretexts.org/Bookshelves/University_Physics/Exercises_(University_Physics),35,24,0,0,0.216
University Physics (OpenStax),https://phys.libretexts.org/Bookshelves/University_Physics/University_Physics_(OpenStax),493,24,0,0,1.372
Mechanics and Relativity (Idema),https://phys.libretexts.org/Bookshelves/University_Physics/Mechanics_and_Relativity_(Idema),96,24,0,0,0.166
University Physics I - Classical Mechanics (Gea-Banacloche),https://phys.libretexts.org/Bookshelves/University_Physics/University_Physics_I_-_Classical_Mechanics_(Gea-Banacloche),102,24,0,0,0.215
Spiral Physics - Calculus Based (D’Alessandris),https://phys.libretexts.org/Bookshelves/University_Physics/Book%3A_Spiral_Physics_-_Calculus_Based_(DAlessandris),144,24,0,0,0.231
Calculus-Based Physics (Schnick),https://phys.libretexts.org/Bookshelves/University_Physics/Calculus-Based_Physics_(Schnick),82,24,0,0,0.255
Introductory Physics - Building Models to Describe Our World (Martin et al.),https://phys.libretexts.org/Bookshelves/University_Physics/Book%3A_Introductory_Physics_-_Building_Models_to_Describe_Our_World_(Martin_Neary_Rinaldo_and_Woodman),224,24,0,0,0.496
Physics (Boundless),https://phys.libretexts.org/Bookshelves/University_Physics/Physics_(Boundless),172,24,0,0,0.495
Radically Modern Introductory Physics Text I (Raymond),https://phys.libretexts.org/Bookshelves/University_Physics/Radically_Modern_Introductory_Physics_Text_I_(Raymond),92,24,0,0,0.314
Radically Modern Introductory Physics Text II (Raymond),https://phys.libretexts.org/Bookshelves/University_Physics/Radically_Modern_Introductory_Physics_Text_II_(Raymond),88,24,0,0,0.140
University Physics (Lumen),https://phys.libretexts.org/Bookshelves/University_Physics/University_Physics_(Lumen),34,24,0,0,0.118
Exercises (Precalculus),https://math.libretexts.org/Bookshelves/Precalculus/Exercises_(Precalculus),6,6,0,0,0.018
Precalculus 1e (OpenStax),https://math.libretexts.org/Bookshelves/Precalculus/Precalculus_1e_(OpenStax),124,24,2,9,0.665
Precalculus 2e (OpenStax),https://math.libretexts.org/Bookshelves/Precalculus/Precalculus_2e_(OpenStax),166,24,1,17,0.526
Precalculus - An Investigation of Functions (Lippman and Rasmussen),https://math.libretexts.org/Bookshelves/Precalculus/Book%3A_Precalculus__An_Investigation_of_Functions_(Lippman_and_Rasmussen),57,24,0,0,0.099
"APEX PreCalculus (Chapman, Herald, and Libertini)",https://math.libretexts.org/Bookshelves/Precalculus/APEX_PreCalculus_(Chapman_Herald_and_Libertini),22,21,0,0,0.031
Precalculus (Tradler and Carley),https://math.libretexts.org/Bookshelves/Precalculus/Precalculus_(Tradler_and_Carley),99,24,0,0,0.161
Active Prelude to Calculus (Boelkins),https://math.libretexts.org/Bookshelves/Precalculus/Active_Prelude_to_Calculus_(Boelkins),36,24,0,0,0.096
Corequisite Companion to Precalculus (Freidenreich),https://math.libretexts.org/Bookshelves/Precalculus/Corequisite_Companion_to_Precalculus_(Freidenreich),33,24,0,0,0.057
Precalculus (Stitz-Zeager),https://math.libretexts.org/Bookshelves/Precalculus/Precalculus_(Stitz-Zeager),69,24,0,0,0.286
Precalculus 4e (Stitz-Zeager),https://math.libretexts.org/Bookshelves/Precalculus/Precalculus_4e_(Stitz-Zeager),69,24,0,0,0.042
Elementary Trigonometry (Corral),https://math.libretexts.org/Bookshelves/Precalculus/Elementary_Trigonometry_(Corral),38,24,0,0,0.094
Trigonometry (Sundstrom & Schlicker),https://math.libretexts.org/Bookshelves/Precalculus/Book%3A_Trigonometry_(Sundstrom_and_Schlicker),41,24,0,0,0.118
Elementary Trigonometry (Beveridge),https://math.libretexts.org/Bookshelves/Precalculus/Elementary_Trigonometry_(Beveridge),25,24,0,0,0.050
Trigonometry (Yoshiwara),https://math.libretexts.org/Bookshelves/Precalculus/Trigonometry_(Yoshiwara),60,24,0,0,0.228
Introductory Psychology,https://socialsci.libretexts.org/Bookshelves/Psychology/Introductory_Psychology,956,24,3,19,4.296
Social Psychology and Personality,https://socialsci.libretexts.org/Bookshelves/Psychology/Social_Psychology_and_Personality,299,24,0,0,1.317
Cognitive Psychology,https://socialsci.libretexts.org/Bookshelves/Psychology/Cognitive_Psychology,421,24,0,0,0.809
Biological Psychology,https://socialsci.libretexts.org/Bookshelves/Psychology/Biological_Psychology,593,24,0,0,1.640
Culture and Community,https://socialsci.libretexts.org/Bookshelves/Psychology/Culture_and_Community,402,24,0,0,1.103
Developmental Psychology,https://socialsci.libretexts.org/Bookshelves/Psychology/Developmental_Psychology,284,24,0,0,0.456
Psychological Disorders,https://socialsci.libretexts.org/Bookshelves/Psychology/Psychological_Disorders,636,24,0,0,1.210
Research Methods and Statistics,https://socialsci.libretexts.org/Bookshelves/Psychology/Research_Methods_and_Statistics,401,24,0,0,0.644
