slug,term,verdict,reason,flags,author_definition,generated_definition
analysis-of-variance,Analysis of variance,consistent,Both definitions describe analysis of variance as a hypothesis test used to compare the means of multiple groups or populations.,much-shorter,"also referred to as ANOVA, is a method of testing whether or not the means of three or more populations are equal. The method is applicable if: all populations of interest are normally distributed. the populations have equal standard deviations. samples (not necessarily of the same size) are randomly and independently selected from each population. The test statistic for analysis of variance is the \(F\)-ratio.",A statistical hypothesis test that compares the means of several groups by analyzing sample variances to determine if there is a statistically significant difference among them.
bernoulli-trial,Bernoulli trial,consistent,"Definition A only introduces the concept as an experiment with specific characteristics, which does not conflict with any claim made in Definition B.",,an experiment with the following characteristics:,An experiment consisting of a single trial where n = 1 and specific binomial characteristics are met. Binomial experiments are formed by counting the number of successes across one or more of these trials.
binomial-experiment,Binomial experiment,consistent,"Definition B describes the standard properties of a binomial experiment, which does not conflict with Definition A characterizing it by conditions.",,a statistical experiment that satisfies the following three conditions:,A statistical experiment where the number of successes is counted across one or more independent Bernoulli trials.
box-plot,Box plot,consistent,Definition B's description of using five key values complements rather than conflicts with Definition A's emphasis on representing the middle 50% of the data.,,a graph that gives a quick picture of the middle 50% of the data,A graphical representation of a dataset constructed using five key values derived from data arranged in order from least to greatest.
categorical-variable,Categorical variable,consistent,"Both definitions describe variables representing qualitative categories rather than numeric measurements, with Definition B merely elaborating on the mathematical implications.",,variables that take on values that are names or labels,"A characteristic of interest that places a person or thing into a category rather than measuring a numerical quantity, making mathematical operations like calculating averages nonsensical."
central-limit-theorem,Central limit theorem,consistent,"Both definitions agree that as sample size increases, the distribution of sample means and sums from a population with known mean and standard deviation approximates a normal distribution.",much-shorter,"Given a random variable (RV) with known mean \(\mu\) and known standard deviation \(\sigma\). We are sampling with size \(n\) and we are interested in two new RVs - the sample mean, \(\bar{X}\), and the sample sum, \(\sum X\). If the size \(n\) of the sample is sufficiently large, then \(\bar{X} - N\left(\mu, \frac{\sigma}{\sqrt{n}}\right)\) and \(\sum X - N \left(n\mu, \sqrt{n}\sigma\right)\). If the size n of the sample is sufficiently large, then the distribution of the sample means and the distribution of the sample sums will approximate a normal distribution regardless of the shape of the population. The mean of the sample means will equal the population mean and the mean of the sample sums will equal \(n\) times the population mean. The standard deviation of the distribution of the sample means, \(\frac{\sigma}{\sqrt{n}}\), is called the standard error of the mean.","A statistical principle stating that if sufficiently large samples are drawn from a population with a known mean and standard deviation, the distribution of the sample means or sample sums will tend to have an approximate normal bell shape."
cluster-sample,Cluster Sample,consistent,"Both definitions describe the same process of dividing a population into clusters, randomly selecting clusters, and including all individuals from the chosen clusters.",,a method for selecting a random sample and dividing the population into groups (clusters); use simple random sampling to select a set of clusters. Every individual in the chosen clusters is included in the sample.,"A random sample obtained by dividing a population into groups or clusters, randomly selecting some of those clusters, and including all members from the chosen clusters."
conditional-probability,Conditional probability,consistent,Definition B defines the concept in the same way as Definition A while adding supplementary detail about how it is calculated without contradicting A.,,the likelihood that an event will occur given that another event has already occurred,The probability that an event will occur given that another event has already occurred. It is calculated by reducing the overall sample space to the specified condition.
confidence-interval,Confidence interval,consistent,"Both definitions describe a confidence interval as an interval estimate for an unknown population parameter based on sample data, with no conflicting claims.",,"an interval estimate for an unknown population parameter. This depends on: the desired confidence level, information that is known about the distribution (for example, known standard deviation), the sample and its size.","An interval estimate constructed from sample data to estimate an unknown, fixed population parameter. Because it depends on sample data, the confidence interval is a random variable."
contingency-table,Contingency table,consistent,Both definitions describe a contingency table as a display relating two potentially dependent variables to help calculate conditional probabilities.,,the method of displaying a frequency distribution as a table with rows and columns to show how two variables may be dependent (contingent) upon each other; the table provides an easy way to calculate conditional probabilities.,"A table that displays sample values in relation to two different variables that may be dependent or contingent on one another. It organizes data to facilitate calculating probabilities, especially conditional probabilities."
convenience-sampling,Convenience Sampling,consistent,Both definitions describe convenience sampling as a non-random method based on accessibility that tends to produce biased data.,,a nonrandom method of selecting a sample; this method selects individuals that are easily accessible and may result in biased data.,"A non-random sampling method that involves selecting individuals or results that are readily available, which often produces biased data."
cumulative-relative-frequency,Cumulative relative frequency,consistent,Both definitions describe cumulative relative frequency as the accumulation or sum of relative frequencies up to a specified value or row in an ordered set.,,The term applies to an ordered set of observations from smallest to largest. The cumulative relative frequency is the sum of the relative frequencies for all values that are less than or equal to the given value.,"The running accumulation of relative frequencies in a frequency table. It is calculated by adding all previous relative frequencies to the relative frequency of the current row, typically ending at one (100 percent of the data)."
data,Data,consistent,"Definition B describes data as collected values or information for analysis, which is fully compatible with Definition A's characterization of data as a set of observations.",much-shorter,a set of observations (a set of possible outcomes); most data can be put into two groups: qualitative (an attribute whose value is indicated by a label) or quantitative (an attribute whose value is indicated by a number). Quantitative data can be separated into two subgroups: discrete and continuous . Data is discrete if it is the result of counting (such as the number of students of a given ethnic group in a class or the number of books on a shelf). Data is continuous if it is the result of measuring (such as distance traveled or weight of luggage),"The values or information collected from a sample or population that can be organized, summarized, and analyzed to draw conclusions."
degrees-of-freedom,Degrees of freedom,consistent,Definition B provides a specific application and formula for degrees of freedom that expands on rather than contradicts the general concept in Definition A.,,the number of objects in a sample that are free to vary,"The number of deviations that are free to vary when calculating a sample statistic, equal to the sample size minus one ($n - 1$)."
equally-likely,Equally likely,consistent,Both definitions describe the exact same property that all outcomes of an experiment have an identical probability of occurring.,,Each outcome of an experiment has the same probability.,A condition in which each outcome of an experiment occurs with the same probability.
event,Event,consistent,"Both definitions describe an event as a subset (or collection of outcomes) of a sample space, and Definition B's mention of evaluating probability is an additional detail that does not contradict Definition A.",much-shorter,"a subset of the set of all outcomes of an experiment; the set of all outcomes of an experiment is called a sample space and is usually denoted by \(S\). An event is an arbitrary subset in \(S\). It can contain one outcome, two outcomes, no outcomes (empty subset), the entire sample space, and the like. Standard notations for events are capital letters such as \(A, B, C\), and so on.",An outcome or subset of outcomes from a sample space whose probability is evaluated.
expected-value,Expected value,consistent,Both definitions describe the expected value as the long-term average outcome resulting from repeating an experiment many times.,much-shorter,"expected arithmetic average when an experiment is repeated many times; also called the mean. Notations: \(\mu\). For a discrete random variable (RV) with probability distribution function \(P(x)\),the definition can also be written in the form \(\mu = \sum{xP(x)}\).",The average outcome expected over the long term when an experiment is repeated over and over.
experiment,Experiment,consistent,Definition B defines an experiment using synonymous phrasing and adds an elaboration about chance experiments that does not conflict with Definition A.,,a planned activity carried out under controlled conditions,"A planned operation carried out under controlled conditions. If its result is not predetermined, it is called a chance experiment."
experimental-unit,Experimental unit,consistent,"Both definitions describe an experimental unit as an individual or object to be measured, with Definition B simply specifying the context of an experiment.",,any individual or object to be measured,A single object or individual to be measured within an experiment.
explanatory-variable,Explanatory variable,consistent,Both definitions describe the explanatory variable as the manipulated or independent causal factor in an experiment without making any mutually exclusive claims.,,the independent variable in an experiment; the value controlled by researchers,"The variable that causes or is investigated as causing a change in another variable. In an experiment, its different manipulated values are called treatments."
frequency-table,Frequency table,consistent,Both definitions describe a frequency table identically as a representation displaying grouped data alongside corresponding frequencies.,,a data representation in which grouped data is displayed along with the corresponding frequencies,A data representation in which grouped data is displayed along with its corresponding frequencies.
geometric-distribution,Geometric distribution,consistent,Both definitions describe the geometric distribution as modeling the number of trials until the first success occurs with a constant probability of success.,,a discrete random variable (RV) that arises from the Bernoulli trials; the trials are repeated until the first success. The geometric variable \(X\) is defined as the number of trials until the first success. Notation: \(X \sim G(p)\). The mean is \(\mu = \dfrac{1}{p}\) and the standard deviation is \(\sigma =\),"A discrete probability distribution that models the number of trials conducted until the first success occurs, defined by a constant probability of success on each trial."
hypergeometric-experiment,Hypergeometric experiment,consistent,Both definitions describe the same concept of dependent sampling from a population to track items from a group of interest without any conflicting claims.,,"a statistical experiment with the following properties: You take samples from two groups. You are concerned with a group of interest, called the first group. You sample without replacement from the combined groups. Each pick is not independent, since sampling is without replacement. You are not dealing with Bernoulli Trials.","A statistical experiment involving sampling from a finite population, which causes trials to be dependent on each other. The outcomes of the experiment fit a hypergeometric probability distribution tracking the number of items drawn from a group of interest."
hypothesis-testing,Hypothesis testing,consistent,"Both definitions describe hypothesis testing as a sample-based decision-making process regarding whether to reject a hypothesis, with Definition B merely adding detail.",,"Based on sample evidence, a procedure for determining whether the hypothesis stated is a reasonable statement and should not be rejected, or is unreasonable and should be rejected.","A statistical process of collecting and evaluating sample data to determine whether there is sufficient evidence to reject a null hypothesis. It involves setting up two contradictory statements, making a decision based on the data, and drawing a conclusion."
independent-event,Independent event,consistent,Both definitions state that independent events do not affect each other's probabilities and that an event's unconditional probability equals its conditional probability given the other event.,,The occurrence of one event has no effect on the probability of the occurrence of another event. Events \(\text{A}\) and \(\text{B}\) are independent if one of the following is true: \(P(\text{A|B}) = P(\text{A})\) \(P(\text{B|A}) = P(\text{B})\) \(P(\text{A AND B}) = P(\text{A})P(\text{B})\),"Events where the occurrence of one event does not affect the probability of the other, such that the probability of an event equals its conditional probability given the other event."
inferential-statistics,Inferential statistics,consistent,Both definitions agree that inferential statistics involves using sample data to estimate parameters and draw conclusions about a broader population.,,"also called statistical inference or inductive statistics; this facet of statistics deals with estimating a population parameter based on a sample statistic. For example, if four out of the 100 calculators sampled are defective we might infer that four percent of the production is defective.","Formal methods that use sample data and probability to draw conclusions, estimate parameters, and make generalizations about an unknown population."
institutional-review-board,Institutional Review Board,consistent,"Both definitions describe an oversight committee responsible for research involving human subjects, with Definition B simply providing additional details about its establishment and ethical purpose.",,a committee tasked with oversight of research programs that involve human subjects,An oversight committee established by universities or research institutions to ensure the safety and ethical treatment of human participants in research studies.
lurking-variable,Lurking variable,consistent,Both definitions describe an unstudied or additional variable that impacts the results of a study beyond the main variables being tested.,,a variable that has an effect on a study even though it is neither an explanatory variable nor a response variable,An additional variable that can cloud a study by introducing differences between comparison groups other than the planned treatments.
memoryless-property,Memoryless property,consistent,Both definitions describe the same concept where elapsed time or past knowledge does not affect future waiting time or probabilities.,,"For an exponential random variable \(X\), the memoryless property is the statement that knowledge of what has occurred in the past has no effect on future probabilities. This means that the probability that \(X\) exceeds \(x + k\), given that it has exceeded \(x\), is the same as the probability that \(X\) would exceed \(k\) if we had no knowledge about it. In symbols we say that \(P(X > x + k | X > x) = P(X > k)\)","A characteristic where knowledge of past events has no effect on future probabilities. Under this property, the additional time spent waiting or until failure does not depend on how much time has already elapsed."
mutually-exclusive,Mutually exclusive,consistent,"Both definitions define mutually exclusive events as those that cannot occur simultaneously, with a joint probability of zero.",,"Two events are mutually exclusive if the probability that they both happen at the same time is zero. If events \(\text{A}\) and \(\text{B}\) are mutually exclusive, then \(P(\text{A AND B}) = 0\).","A condition describing two events that cannot happen simultaneously, such that the probability of both occurring together, P(A AND B), is zero."
mutually-exclusive-event,Mutually exclusive event,consistent,Both definitions agree that mutually exclusive events cannot occur at the same time and have a joint probability of zero.,,"Two events are mutually exclusive if the probability that they both happen at the same time is zero. If events \(\text{A}\) and \(\text{B}\) are mutually exclusive, then \(P(\text{A AND B}) = 0\).","Events that cannot occur at the same time because they share no outcomes, meaning the probability of both occurring together is zero ($P(\text{A AND B}) = 0$)."
nonsampling-error,Nonsampling Error,contradicts,"Definition B claims nonsampling error is caused by factors unrelated to the sampling process, which directly contradicts Definition A's explicit inclusion of biased sampling methods.",much-shorter,"an issue that affects the reliability of sampling data other than natural variation; it includes a variety of human errors including poor study design, biased sampling methods, inaccurate information provided by study participants, data entry errors, and poor analysis.",An error that affects data analysis caused by factors unrelated to the actual sampling process.
numerical-variable,Numerical variable,consistent,Definition B elaborates on the mathematical utility and unit properties of numerical variables without conflicting with Definition A's broad definition that they take on number values.,,variables that take on values that are indicated by numbers,"A variable that takes on values with equal units, representing quantities that can be used in mathematical calculations such as averages."
outcome,Outcome,consistent,"Definition B merely broadens the context by adding 'or activity', which does not conflict with Definition A.",,a particular result of an experiment,A particular result of an experiment or activity.
parameter,Parameter,consistent,"Both definitions describe a parameter as a numerical value representing a characteristic of a population, with no conflicting claims.",,a number that is used to represent a population characteristic and that generally cannot be determined easily,A number that is a property of a population. It represents a numerical characteristic of the entire population being studied.
poisson-probability-distribution,Poisson probability distribution,consistent,Both definitions describe the Poisson distribution as modeling the number of independent events occurring at a known average rate in a fixed interval.,much-shorter,"a discrete random variable (RV) that counts the number of times a certain event will occur in a specific interval; characteristics of the variable: The probability that the event occurs in a given interval is the same for all intervals. The events occur with a known mean and independently of the time since the last event. The distribution is defined by the mean \(\mu\) of the event in the interval. Notation: \(X \sim P(\mu)\). The mean is \(\mu = np\). The standard deviation is \(\sigma = \sqrt{\mu}\). The probability of having exactly \(x\) successes in \(r\) trials is \(P(X = x) =\) \[\left(e^{-\mu}\right)\frac{\mu^{x}}{x!}\] . The Poisson distribution is often used to approximate the binomial distribution, when \(n\) is “large” and \(p\) is “small” (a general rule is that \(n\) should be greater than or equal to 20 and \(p\) should be less than or equal to 0.05).","A discrete probability distribution that expresses the probability of a given number of events occurring in a fixed interval of time or space, provided these events occur at a known average rate and independently of the time since the previous event."
pooled-proportion,Pooled proportion,consistent,Definition B elaborates on the context and notation of the estimate without conflicting with Definition A's description of it estimating the common value of two proportions.,,estimate of the common value of \(p_{1}\) and \(p_{2}\).,"A combined proportion estimate, denoted as p_c, used to conduct a hypothesis test comparing two independent population proportions under the assumption that they are equal."
population,Population,consistent,"Both definitions identify a population as the entire group of individuals or things being studied, with Definition B simply providing additional context regarding sampling.",,"all individuals, objects, or measurements whose properties are being studied","The entire group of people or things under study. Because studying an entire population can require substantial time and money, smaller samples are typically chosen to represent it."
probability,Probability,consistent,Both definitions describe probability as the likelihood or chance of an event occurring without making any mutually exclusive claims.,,"a number between zero and one, inclusive, that gives the likelihood that a specific event will occur","A mathematical tool used to study randomness that deals with the chance or likelihood of an event occurring. Although outcomes of a few repetitions are uncertain, a regular pattern of outcomes emerges over many repetitions."
qualitative-data,Qualitative Data,consistent,Definition A is merely a cross-reference to another term and does not make any substantive claims that conflict with Definition B.,,See Data .,"Data that result from categorizing or describing attributes of a population, typically represented by words or letters rather than numbers."
quantitative-data,Quantitative Data,consistent,Definition A is merely a cross-reference and does not make any claims that conflict with the factual description provided in Definition B.,,See Data .,Numerical values that result from counting or measuring attributes of a population. These data can be classified as either discrete or continuous and are suitable for mathematical analysis.
random-variable,Random variable,consistent,Both definitions describe variables using uppercase notation and numerical values without making mutually exclusive claims.,much-shorter,"a characteristic of interest in a population being studied; common notation for variables are upper case Latin letters \(X, Y, Z\),...; common notation for a specific value from the domain (set of all possible values of a variable) are lower case Latin letters \(x\), \(y\), and \(z\). For example, if \(X\) is the number of children in a family, then \(x\) represents a specific integer 0, 1, 2, 3,.... Variables in statistics differ from variables in intermediate algebra in the two following ways.","A variable, typically written in words and denoted by an uppercase letter, whose possible values are numerical outcomes determined by a random process."
representative-sample,Representative sample,consistent,"Definition B agrees that a representative sample reflects the population's characteristics, merely adding the resulting benefit of enabling accurate estimation without contradicting Definition A.",,a subset of the population that has the same characteristics as the population,"A sample that contains the characteristics of the population, allowing sample statistics to accurately estimate population parameters."
response-variable,Response variable,consistent,"Both definitions describe the response variable as the measured or affected variable in an experiment, with B simply providing additional context regarding the explanatory variable.",,the dependent variable in an experiment; the value that is measured for change at the end of an experiment,The affected variable in an experiment whose changes are measured to observe the effect of manipulating an explanatory variable.
sample-space,Sample space,consistent,Definition B includes the exact same core definition as Definition A along with non-conflicting standard notation details.,,the set of all possible outcomes of an experiment,"The set of all possible outcomes of an experiment, typically denoted by the uppercase letter S."
sampling-bias,Sampling Bias,consistent,Both definitions describe sampling bias as a situation where members of a population do not have an equal chance of being selected.,,not all members of the population are equally likely to be selected,"A condition that occurs when a sample is collected in such a way that some members of a population are not as likely to be chosen as others, potentially leading to incorrect conclusions about the population."
sampling-with-replacement,Sampling with replacement,consistent,"Both definitions describe returning selected items to the group before the next draw, and Definition B's note about selecting an item more than once naturally follows from Definition A.",,"Once a member of the population is selected for inclusion in a sample, that member is returned to the population for the selection of the next individual.","A method of selection where each chosen item is returned to the group before the next item is drawn, allowing the same item to be selected more than once."
sampling-without-replacement,Sampling without replacement,consistent,"Both definitions agree that members can only be selected once and are not returned to the population, with B simply providing additional accurate context about event dependence.",,"A member of the population may be chosen for inclusion in a sample only once. If chosen, the member is not returned to the population before the next selection.","A selection method in which each member of a population may be chosen only once. Because members are not returned to the population after selection, the successive events are considered not to be independent."
simple-random-sample,Simple Random Sample,consistent,"Definition A describes a procedural method for obtaining a simple random sample, while Definition B describes the resulting theoretical probability property, and both accurately describe the same concept.",,a straightforward method for selecting a random sample; give each member of the population a number. Use a random number generator to select a set of labels. These randomly selected labels identify the members of your sample.,"A random sampling method where any group of individuals of the same size is equally likely to be chosen as any other group of that size, giving every sample of size n an equal chance of selection."
standard-deviation,Standard deviation,consistent,Both definitions agree that standard deviation measures the spread or dispersion of data values relative to their mean.,,a number that is equal to the square root of the variance and measures how far data values are from their mean; notation: s for sample standard deviation and σ for population standard deviation.,"A number that measures the spread or variation of a data set relative to its mean, which is always positive or zero. It is small when values are concentrated close to the mean and larger when values are more spread out."
statistic,Statistic,consistent,Both definitions agree that a statistic is a numerical characteristic of a sample that estimates a population parameter.,,a numerical characteristic of the sample; a statistic estimates the corresponding population parameter.,A number calculated from sample data that represents a property of the sample and serves as an estimate of a population parameter.
stratified-sample,Stratified Sample,consistent,Both definitions describe dividing the population into subgroups called strata and selecting a proportionate number of individuals from each group without any conflicting claims.,,a method for selecting a random sample used to ensure that subgroups of the population are represented adequately; divide the population into groups (strata). Use simple random sampling to identify a proportionate number of individuals from each stratum.,A sample selected by dividing a population into distinct groups called strata and then taking a proportionate number of individuals from each stratum.
systematic-sample,Systematic Sample,consistent,Both definitions describe selecting a sample by picking a random starting point from an ordered list of the population and choosing every kth or nth element thereafter.,much-shorter,"a method for selecting a random sample; list the members of the population. Use simple random sampling to select a starting point in the population. Let k = (number of individuals in the population)/(number of individuals needed in the sample). Choose every kth individual in the list starting with the one that was randomly selected. If necessary, return to the beginning of the population list to complete your sample.",A sample selected by randomly picking a starting point in an ordered listing of the population and then taking every nth piece of data thereafter.
treatment,Treatment,consistent,Both definitions describe a treatment as a value or condition of an explanatory variable applied in an experiment without making any conflicting claims.,,different values or components of the explanatory variable applied in an experiment,A specific value or condition of the explanatory variable that is manipulated by a researcher and applied to experimental units in an experiment.
tree-diagram,Tree diagram,consistent,Both definitions describe a tree diagram as a visual representation with branches displaying experimental outcomes labeled with probabilities or frequencies.,,"the useful visual representation of a sample space and events in the form of a “tree” with branches marked by possible outcomes together with associated probabilities (frequencies, relative frequencies)","A special type of graph used to determine and visualize the outcomes of an experiment, consisting of branches labeled with either frequencies or probabilities."
uniform-distribution,Uniform distribution,consistent,Both definitions describe a continuous distribution where outcomes or events are equally likely across a specified range or domain.,much-shorter,"a continuous random variable (RV) that has equally likely outcomes over the domain, \(a < x < b\); it is often referred as the rectangular distribution because the graph of the pdf has the form of a rectangle. Notation: \(X \sim U(a,b)\). The mean is \(\mu = \frac{a+b}{2}\) and the standard deviation is \(\sigma = \sqrt{\frac{(b-a)^{2}}{12}}\). The probability density function is \(f(x) = \frac{1}{b-a}\) for \(a < x < b\) or \(a \leq x \leq b\). The cumulative distribution is \(P(X \leq x) = \frac{x-a}{b-a}\).",A continuous probability distribution concerned with events that are equally likely to occur across a specified range.
variable,Variable,consistent,Definition B expands on Definition A by describing numerical and categorical variable types without conflicting with the core definition.,,a characteristic of interest for each person or object in a population,"A characteristic of interest for each person or thing in a population. Variables can be numerical, taking on values with equal units, or categorical, placing an individual or thing into a category."
variance,Variance,consistent,"Both definitions fundamentally define variance as the average or mean of squared deviations from the mean, and Definition B's additional remarks on measuring spread and units do not contradict Definition A.",,"mean of the squared deviations from the mean; the square of the standard deviation. For a set of data, a deviation can be represented as \(x - \bar{x}\) where \(x\) is a value of the data and \(\bar{x}\) is the sample mean. The sample variance is equal to the sum of the squares of the deviations divided by the difference of the sample size and one.","The average of the squared deviations of data values from their mean. It measures the spread of the data, though its squared units do not match the units of the original data."
venn-diagram,Venn diagram,consistent,"Both definitions describe a Venn diagram as a visual representation of a sample space and events using circles or ovals, with B simply providing additional detail regarding the enclosing box.",,the visual representation of a sample space and events in the form of circles or ovals showing their intersections,"A visual picture that represents the outcomes of an experiment, typically consisting of an enclosing box representing the sample space along with circles or ovals representing events."
