slug,term,aliases,pages,checked_page,term_fit,reason
abstraction,Abstraction,abstraction,https://eng.libretexts.org/Bookshelves/Computer_Science/Programming_Languages/Python_Programming_(OpenStax)/11%3A_Classes/11.01%3A_Object-Oriented_Programming_Basics,,,
aliasing,Aliasing,aliases|aliased,https://eng.libretexts.org/Bookshelves/Computer_Science/Programming_Languages/Python_Programming_(OpenStax)/11%3A_Classes/11.05%3A_Using_Modules_with_Classes,,,
and-operator,And operator,and operator|and,https://eng.libretexts.org/Bookshelves/Computer_Science/Programming_Languages/Python_Programming_(OpenStax)/04%3A__Decisions/4.03%3A_Boolean_Operations,,,
append,Append,append|append() operation|append(),https://eng.libretexts.org/Bookshelves/Computer_Science/Programming_Languages/Python_Programming_(OpenStax)/09%3A_Lists/9.01%3A_Modifying_and_Iterating_Lists,,,
arithmetic-operator,Arithmetic operator,Arithmetic operators|arithmetic operator,https://eng.libretexts.org/Bookshelves/Computer_Science/Programming_Languages/Python_Programming_(OpenStax)/01%3A_Statements/1.05%3A_Number_Basics,,,
ascii,ASCII,,https://eng.libretexts.org/Bookshelves/Computer_Science/Programming_Languages/Python_Programming_(OpenStax)/03%3A_Objects/3.01%3A_Strings_Revisited,,,
assignment-operator,Assignment operator,assignment operator,https://eng.libretexts.org/Bookshelves/Computer_Science/Programming_Languages/Python_Programming_(OpenStax)/01%3A_Statements/1.03%3A_Variables,,,
assignment-statement,Assignment statement,assignment statement,https://eng.libretexts.org/Bookshelves/Computer_Science/Programming_Languages/Python_Programming_(OpenStax)/01%3A_Statements/1.03%3A_Variables,,,
associativity,Associativity,,https://eng.libretexts.org/Bookshelves/Computer_Science/Programming_Languages/Python_Programming_(OpenStax)/04%3A__Decisions/4.04%3A_Operator_Precedence,,,
base-case,Base case,base case|base cases,https://eng.libretexts.org/Bookshelves/Computer_Science/Programming_Languages/Python_Programming_(OpenStax)/12%3A_Recursion/12.02%3A_Simple_Math_Recursion,,,
binary,Binary,binary,https://eng.libretexts.org/Bookshelves/Computer_Science/Programming_Languages/Python_Programming_(OpenStax)/02%3A_Expressions/2.04%3A_Floating-point_Errors,,,
binary-search,Binary search,binary search|binary search algorithm,https://eng.libretexts.org/Bookshelves/Computer_Science/Programming_Languages/Python_Programming_(OpenStax)/12%3A_Recursion/12.05%3A_Using_Recursion_to_Solve_Problems,,,
bool-data-type,Bool data type,bool data type|bool,https://eng.libretexts.org/Bookshelves/Computer_Science/Programming_Languages/Python_Programming_(OpenStax)/04%3A__Decisions/4.01%3A_Boolean_Values,,,
boolean-value,Boolean value,Boolean values|Boolean|Booleans,https://eng.libretexts.org/Bookshelves/Computer_Science/Programming_Languages/Python_Programming_(OpenStax)/04%3A__Decisions/4.01%3A_Boolean_Values,,,
boolean-variable,Boolean variable,,https://eng.libretexts.org/Bookshelves/Computer_Science/Programming_Languages/Python_Programming_(OpenStax)/04%3A__Decisions/4.01%3A_Boolean_Values,,,
box-plot,Box plot,box plot,https://eng.libretexts.org/Bookshelves/Computer_Science/Programming_Languages/Python_Programming_(OpenStax)/15%3A_Data_Science/15.05%3A_Data_Visualization,,,
branch,Branch,branch,https://eng.libretexts.org/Bookshelves/Computer_Science/Programming_Languages/Python_Programming_(OpenStax)/04%3A__Decisions/4.00%3A_Introduction,,,
break-statement,Break statement,break statement,https://eng.libretexts.org/Bookshelves/Computer_Science/Programming_Languages/Python_Programming_(OpenStax)/05%3A_Loops/5.04%3A_Break_and_Continue,,,
built-in-function,Built-in function,built-in functions|built-in function,https://eng.libretexts.org/Bookshelves/Computer_Science/Programming_Languages/Python_Programming_(OpenStax)/02%3A_Expressions/2.06%3A_The_Math_Module,,,
class,Class,class|Classes,https://eng.libretexts.org/Bookshelves/Computer_Science/Programming_Languages/Python_Programming_(OpenStax)/11%3A_Classes/11.00%3A_Introduction|https://eng.libretexts.org/Bookshelves/Computer_Science/Programming_Languages/Python_Programming_(OpenStax)/11%3A_Classes/11.02%3A_Classes_and_Instances,,,
class-attribute,Class attribute,class attribute|class attributes|Class attributes,https://eng.libretexts.org/Bookshelves/Computer_Science/Programming_Languages/Python_Programming_(OpenStax)/11%3A_Classes/11.02%3A_Classes_and_Instances,,,
code-point,Code point,code point|code points|Code points,https://eng.libretexts.org/Bookshelves/Computer_Science/Programming_Languages/Python_Programming_(OpenStax)/03%3A_Objects/3.01%3A_Strings_Revisited,,,
comma-separated-value-file,Comma separated value file,"CSV|.csv|CSV files|Comma separated value (CSV, .csv ) files",https://eng.libretexts.org/Bookshelves/Computer_Science/Programming_Languages/Python_Programming_(OpenStax)/14%3A_Files/14.03%3A_Files_in_Different_Locations_and_Working_with_CSV_Files,,,
comment,Comment,Comments|comment|comments,https://eng.libretexts.org/Bookshelves/Computer_Science/Programming_Languages/Python_Programming_(OpenStax)/01%3A_Statements/1.07%3A_Comments,,,
comparison-operator,Comparison operator,Comparison operators|comparison operators,https://eng.libretexts.org/Bookshelves/Computer_Science/Programming_Languages/Python_Programming_(OpenStax)/04%3A__Decisions/4.01%3A_Boolean_Values,,,
composition,Composition,composition,https://eng.libretexts.org/Bookshelves/Computer_Science/Programming_Languages/Python_Programming_(OpenStax)/13%3A_Inheritance/13.01%3A_Inheritance_Basics,,,
computer,Computer,computers,https://eng.libretexts.org/Bookshelves/Computer_Science/Programming_Languages/Python_Programming_(OpenStax)/01%3A_Statements/1.01%3A__Background,,,
computer-program,Computer program,computer program,https://eng.libretexts.org/Bookshelves/Computer_Science/Programming_Languages/Python_Programming_(OpenStax)/02%3A_Expressions/2.00%3A_Introduction,,,
concatenation,Concatenation,concatenation,https://eng.libretexts.org/Bookshelves/Computer_Science/Programming_Languages/Python_Programming_(OpenStax)/01%3A_Statements/1.04%3A_String_Basics,,,
condition,Condition,condition|conditions,https://eng.libretexts.org/Bookshelves/Computer_Science/Programming_Languages/Python_Programming_(OpenStax)/04%3A__Decisions/4.02%3A_If-else_Statements,,,
conditional-expression,Conditional expression,conditional expression|Conditional expressions|ternary operator,https://eng.libretexts.org/Bookshelves/Computer_Science/Programming_Languages/Python_Programming_(OpenStax)/04%3A__Decisions/4.07%3A_Conditional_Expressions,,,
container,Container,containers|container,https://eng.libretexts.org/Bookshelves/Computer_Science/Programming_Languages/Python_Programming_(OpenStax)/03%3A_Objects/3.00%3A_Introduction,,,
continue-statement,Continue statement,continue statement,https://eng.libretexts.org/Bookshelves/Computer_Science/Programming_Languages/Python_Programming_(OpenStax)/05%3A_Loops/5.04%3A_Break_and_Continue,,,
control-flow,Control flow,control flow,https://eng.libretexts.org/Bookshelves/Computer_Science/Programming_Languages/Python_Programming_(OpenStax)/06%3A_Functions/6.02%3A_Control_Flow,,,
copy-method,Copy method,copy() method|copy(),https://eng.libretexts.org/Bookshelves/Computer_Science/Programming_Languages/Python_Programming_(OpenStax)/09%3A_Lists/9.03%3A_Common_List_Operations,,,
count,count(),count() method|count(element)|Count,https://eng.libretexts.org/Bookshelves/Computer_Science/Programming_Languages/Python_Programming_(OpenStax)/08%3A__Strings/8.03%3A_Searching_Testing_Strings|https://eng.libretexts.org/Bookshelves/Computer_Science/Programming_Languages/Python_Programming_(OpenStax)/12%3A_Recursion/12.06%3A_Chapter_Summary,,,
data-filtering,Data filtering,,https://eng.libretexts.org/Bookshelves/Computer_Science/Programming_Languages/Python_Programming_(OpenStax)/15%3A_Data_Science/15.04%3A_Exploratory_Data_Analysis,,,
data-science,Data science,Data Science|data science,https://eng.libretexts.org/Bookshelves/Computer_Science/Programming_Languages/Python_Programming_(OpenStax)/15%3A_Data_Science/15.00%3A_Introduction|https://eng.libretexts.org/Bookshelves/Computer_Science/Programming_Languages/Python_Programming_(OpenStax)/15%3A_Data_Science/15.01%3A_Introduction_to_Data_Science,,,
data-science-life-cycle,Data science life cycle,,https://eng.libretexts.org/Bookshelves/Computer_Science/Programming_Languages/Python_Programming_(OpenStax)/15%3A_Data_Science/15.01%3A_Introduction_to_Data_Science,,,
data-slicing,Data slicing,Slicing,https://eng.libretexts.org/Bookshelves/Computer_Science/Programming_Languages/Python_Programming_(OpenStax)/15%3A_Data_Science/15.04%3A_Exploratory_Data_Analysis,,,
data-type,Data type,data type,https://eng.libretexts.org/Bookshelves/Computer_Science/Programming_Languages/Python_Programming_(OpenStax)/01%3A_Statements/1.05%3A_Number_Basics,,,
dataframe,DataFrame,DataFrame object|Pandas DataFrame,https://eng.libretexts.org/Bookshelves/Computer_Science/Programming_Languages/Python_Programming_(OpenStax)/15%3A_Data_Science/15.03%3A_Pandas,,,
default-parameter-value,Default parameter value,Default parameter values|default parameter values|default value|default values,https://eng.libretexts.org/Bookshelves/Computer_Science/Programming_Languages/Python_Programming_(OpenStax)/06%3A_Functions/6.06%3A_Keyword_Arguments,,,
descending-order,Descending order,descending order,https://eng.libretexts.org/Bookshelves/Computer_Science/Programming_Languages/Python_Programming_(OpenStax)/09%3A_Lists/9.02%3A_Sorting_and_Reversing_Lists,,,
diamond-problem,Diamond problem,diamond problem,https://eng.libretexts.org/Bookshelves/Computer_Science/Programming_Languages/Python_Programming_(OpenStax)/13%3A_Inheritance/13.05%3A_Multiple_Inheritance_and_Mixin_Classes,,,
dictionary,Dictionary,Python dictionary|dictionary|dictionaries|Dictionaries|dict,https://eng.libretexts.org/Bookshelves/Computer_Science/Programming_Languages/Python_Programming_(OpenStax)/10%3A_Dictionaries/10.00%3A_Introduction|https://eng.libretexts.org/Bookshelves/Computer_Science/Programming_Languages/Python_Programming_(OpenStax)/10%3A_Dictionaries/10.01%3A_Dictionary_Basics,,,
dictionary-comprehension,Dictionary comprehension,dictionary comprehension,https://eng.libretexts.org/Bookshelves/Computer_Science/Programming_Languages/Python_Programming_(OpenStax)/10%3A_Dictionaries/10.05%3A_Nested_Dictionaries_and_Dictionary_Comprehension,,,
docstring,Docstring,docstring|docstrings|Docstrings,https://eng.libretexts.org/Bookshelves/Computer_Science/Programming_Languages/Python_Programming_(OpenStax)/01%3A_Statements/1.07%3A_Comments|https://eng.libretexts.org/Bookshelves/Computer_Science/Programming_Languages/Python_Programming_(OpenStax)/01%3A_Statements/1.09%3A_Chapter_summary,,,
dunder-variable,Dunder variable,"dunder|magic|magic"" variables",https://eng.libretexts.org/Bookshelves/Computer_Science/Programming_Languages/Python_Programming_(OpenStax)/07%3A_Modules/7.03%3A_Top-level_Code,,,
elif-statement,Elif statement,elif|else if|elif statement|Elifs,https://eng.libretexts.org/Bookshelves/Computer_Science/Programming_Languages/Python_Programming_(OpenStax)/04%3A__Decisions/4.05%3A_Chained_Decisions,,,
else-statement,Else statement,else statement,https://eng.libretexts.org/Bookshelves/Computer_Science/Programming_Languages/Python_Programming_(OpenStax)/04%3A__Decisions/4.02%3A_If-else_Statements,,,
encapsulation,Encapsulation,encapsulation,https://eng.libretexts.org/Bookshelves/Computer_Science/Programming_Languages/Python_Programming_(OpenStax)/11%3A_Classes/11.01%3A_Object-Oriented_Programming_Basics,,,
equality,Equality,==,https://eng.libretexts.org/Bookshelves/Computer_Science/Programming_Languages/Python_Programming_(OpenStax)/04%3A__Decisions/4.08%3A_Chapter_Summary,,,
escape-sequence,Escape sequence,escape sequence,https://eng.libretexts.org/Bookshelves/Computer_Science/Programming_Languages/Python_Programming_(OpenStax)/03%3A_Objects/3.01%3A_Strings_Revisited,,,
euclid-s-method,Euclid's method,,https://eng.libretexts.org/Bookshelves/Computer_Science/Programming_Languages/Python_Programming_(OpenStax)/12%3A_Recursion/12.04%3A_More_Math_Recursion,,,
except-clause,Except clause,except clause,https://eng.libretexts.org/Bookshelves/Computer_Science/Programming_Languages/Python_Programming_(OpenStax)/14%3A_Files/14.04%3A_Handling_Exceptions,,,
explicit-type-conversion,Explicit type conversion,explicit type conversion,https://eng.libretexts.org/Bookshelves/Computer_Science/Programming_Languages/Python_Programming_(OpenStax)/02%3A_Expressions/2.02%3A_Type_Conversion,,,
exploratory-data-analysis,Exploratory data analysis,Exploratory Data Analysis|EDA,https://eng.libretexts.org/Bookshelves/Computer_Science/Programming_Languages/Python_Programming_(OpenStax)/15%3A_Data_Science/15.04%3A_Exploratory_Data_Analysis,,,
expression,Expression,expression|expressions|Expressions,https://eng.libretexts.org/Bookshelves/Computer_Science/Programming_Languages/Python_Programming_(OpenStax)/02%3A_Expressions/2.00%3A_Introduction,,,
factorial,Factorial,factorial,https://eng.libretexts.org/Bookshelves/Computer_Science/Programming_Languages/Python_Programming_(OpenStax)/12%3A_Recursion/12.02%3A_Simple_Math_Recursion,,,
feature,Feature,feature,https://eng.libretexts.org/Bookshelves/Computer_Science/Programming_Languages/Python_Programming_(OpenStax)/15%3A_Data_Science/15.04%3A_Exploratory_Data_Analysis,,,
fibonacci-sequence,Fibonacci sequence,Fibonacci,https://eng.libretexts.org/Bookshelves/Computer_Science/Programming_Languages/Python_Programming_(OpenStax)/05%3A_Loops/5.01%3A_While_Loop|https://eng.libretexts.org/Bookshelves/Computer_Science/Programming_Languages/Python_Programming_(OpenStax)/12%3A_Recursion/12.04%3A_More_Math_Recursion,,,
field-width,Field width,field width,https://eng.libretexts.org/Bookshelves/Computer_Science/Programming_Languages/Python_Programming_(OpenStax)/08%3A__Strings/8.04%3A_String_Formatting,,,
file-buffer,File buffer,file buffer,https://eng.libretexts.org/Bookshelves/Computer_Science/Programming_Languages/Python_Programming_(OpenStax)/14%3A_Files/14.02%3A_Writing_to_Files,,,
find,find(),find() method,https://eng.libretexts.org/Bookshelves/Computer_Science/Programming_Languages/Python_Programming_(OpenStax)/08%3A__Strings/8.03%3A_Searching_Testing_Strings,,,
floating-point,Floating-point,floating-point,https://eng.libretexts.org/Bookshelves/Computer_Science/Programming_Languages/Python_Programming_(OpenStax)/01%3A_Statements/1.05%3A_Number_Basics,,,
floor-division,Floor division,,https://eng.libretexts.org/Bookshelves/Computer_Science/Programming_Languages/Python_Programming_(OpenStax)/02%3A_Expressions/2.09%3A_Chapter_Summary,,,
for-loop,For loop,for loop,https://eng.libretexts.org/Bookshelves/Computer_Science/Programming_Languages/Python_Programming_(OpenStax)/05%3A_Loops/5.02%3A_For_Loop,,,
format-specifier,Format specifier,format specifier|format specifiers,https://eng.libretexts.org/Bookshelves/Computer_Science/Programming_Languages/Python_Programming_(OpenStax)/03%3A_Objects/3.02%3A_Formatted_Strings,,,
formatted-string-literal,Formatted string literal,formatted string literal|f-string|f-strings|F-strings,https://eng.libretexts.org/Bookshelves/Computer_Science/Programming_Languages/Python_Programming_(OpenStax)/03%3A_Objects/3.02%3A_Formatted_Strings,,,
function,Function,Functions|function|functions,https://eng.libretexts.org/Bookshelves/Computer_Science/Programming_Languages/Python_Programming_(OpenStax)/06%3A_Functions/6.00%3A_Introduction|https://eng.libretexts.org/Bookshelves/Computer_Science/Programming_Languages/Python_Programming_(OpenStax)/06%3A_Functions/6.01%3A_Defining_Functions,,,
function-argument,Function argument,argument|Arguments|arguments,https://eng.libretexts.org/Bookshelves/Computer_Science/Programming_Languages/Python_Programming_(OpenStax)/06%3A_Functions/6.04%3A_Parameters,,,
function-overloading,Function overloading,function overloading,https://eng.libretexts.org/Bookshelves/Computer_Science/Programming_Languages/Python_Programming_(OpenStax)/07%3A_Modules/7.02%3A_Importing_Names,,,
function-parameter,Function parameter,parameter|parameters|Parameters,https://eng.libretexts.org/Bookshelves/Computer_Science/Programming_Languages/Python_Programming_(OpenStax)/06%3A_Functions/6.04%3A_Parameters,,,
global-scope,Global scope,global scope,https://eng.libretexts.org/Bookshelves/Computer_Science/Programming_Languages/Python_Programming_(OpenStax)/06%3A_Functions/6.03%3A_Variable_Scope,,,
google-colaboratory,Google Colaboratory,Colaboratory,https://eng.libretexts.org/Bookshelves/Computer_Science/Programming_Languages/Python_Programming_(OpenStax)/15%3A_Data_Science/15.01%3A_Introduction_to_Data_Science,,,
greater-than,Greater than,>,https://eng.libretexts.org/Bookshelves/Computer_Science/Programming_Languages/Python_Programming_(OpenStax)/04%3A__Decisions/4.08%3A_Chapter_Summary,,,
greater-than-or-equal,Greater than or equal,>=,https://eng.libretexts.org/Bookshelves/Computer_Science/Programming_Languages/Python_Programming_(OpenStax)/04%3A__Decisions/4.08%3A_Chapter_Summary,,,
greatest-common-divisor,Greatest common divisor,greatest common divisor|GCD,https://eng.libretexts.org/Bookshelves/Computer_Science/Programming_Languages/Python_Programming_(OpenStax)/12%3A_Recursion/12.04%3A_More_Math_Recursion,,,
has-a-relationship,Has-a relationship,has-a relationship|has-a relationships,https://eng.libretexts.org/Bookshelves/Computer_Science/Programming_Languages/Python_Programming_(OpenStax)/13%3A_Inheritance/13.01%3A_Inheritance_Basics,,,
help-function,Help function,help () function|help function,https://eng.libretexts.org/Bookshelves/Computer_Science/Programming_Languages/Python_Programming_(OpenStax)/07%3A_Modules/7.04%3A_The_Help_Function,,,
hierarchical-inheritance,Hierarchical inheritance,hierarchical inheritance,https://eng.libretexts.org/Bookshelves/Computer_Science/Programming_Languages/Python_Programming_(OpenStax)/13%3A_Inheritance/13.04%3A_Hierarchical_Inheritance,,,
high-level-language,High-level language,high-level language|high-level languages,https://eng.libretexts.org/Bookshelves/Computer_Science/Programming_Languages/Python_Programming_(OpenStax)/02%3A_Expressions/2.01%3A_The_Python_Shell,,,
histogram,Histogram,histogram,https://eng.libretexts.org/Bookshelves/Computer_Science/Programming_Languages/Python_Programming_(OpenStax)/15%3A_Data_Science/15.05%3A_Data_Visualization,,,
hypertext-markup-language,HyperText Markup Language,HTML,https://eng.libretexts.org/Bookshelves/Computer_Science/Programming_Languages/Python_Programming_(OpenStax)/07%3A_Modules/7.04%3A_The_Help_Function,,,
identity,Identity,identity,https://eng.libretexts.org/Bookshelves/Computer_Science/Programming_Languages/Python_Programming_(OpenStax)/03%3A_Objects/3.03%3A_Variables_Revisited,,,
if-statement,If statement,if statement|if statement's,https://eng.libretexts.org/Bookshelves/Computer_Science/Programming_Languages/Python_Programming_(OpenStax)/04%3A__Decisions/4.02%3A_If-else_Statements,,,
immutable,Immutable,immutable,https://eng.libretexts.org/Bookshelves/Computer_Science/Programming_Languages/Python_Programming_(OpenStax)/08%3A__Strings/8.02%3A_String_Slicing,,,
immutable-object,Immutable object,immutable object|immutable,https://eng.libretexts.org/Bookshelves/Computer_Science/Programming_Languages/Python_Programming_(OpenStax)/03%3A_Objects/3.05%3A_Tuple_Basics|https://eng.libretexts.org/Bookshelves/Computer_Science/Programming_Languages/Python_Programming_(OpenStax)/06%3A_Functions/6.04%3A_Parameters,,,
implicit-type-conversion,Implicit type conversion,implicit type conversion,https://eng.libretexts.org/Bookshelves/Computer_Science/Programming_Languages/Python_Programming_(OpenStax)/02%3A_Expressions/2.02%3A_Type_Conversion,,,
import-statement,Import statement,import statement|Import statements,https://eng.libretexts.org/Bookshelves/Computer_Science/Programming_Languages/Python_Programming_(OpenStax)/02%3A_Expressions/2.06%3A_The_Math_Module,,,
in-operator,In operator,in operator|in Boolean operator|in,https://eng.libretexts.org/Bookshelves/Computer_Science/Programming_Languages/Python_Programming_(OpenStax)/08%3A__Strings/8.03%3A_Searching_Testing_Strings,,,
index,Index,index|Indexes|indexes|index()|index() method|Index(),https://eng.libretexts.org/Bookshelves/Computer_Science/Programming_Languages/Python_Programming_(OpenStax)/03%3A_Objects/3.01%3A_Strings_Revisited|https://eng.libretexts.org/Bookshelves/Computer_Science/Programming_Languages/Python_Programming_(OpenStax)/03%3A_Objects/3.04%3A_List_Basics|https://eng.libretexts.org/Bookshelves/Computer_Science/Programming_Languages/Python_Programming_(OpenStax)/08%3A__Strings/8.03%3A_Searching_Testing_Strings|https://eng.libretexts.org/Bookshelves/Computer_Science/Programming_Languages/Python_Programming_(OpenStax)/08%3A__Strings/8.06%3A_Chapter_Summary,,,
inequality,Inequality,!=,https://eng.libretexts.org/Bookshelves/Computer_Science/Programming_Languages/Python_Programming_(OpenStax)/04%3A__Decisions/4.08%3A_Chapter_Summary,,,
infinite-loop,Infinite loop,infinite loop,https://eng.libretexts.org/Bookshelves/Computer_Science/Programming_Languages/Python_Programming_(OpenStax)/05%3A_Loops/5.04%3A_Break_and_Continue,,,
inheritance,Inheritance,inheritance,https://eng.libretexts.org/Bookshelves/Computer_Science/Programming_Languages/Python_Programming_(OpenStax)/13%3A_Inheritance/13.00%3A_Introduction|https://eng.libretexts.org/Bookshelves/Computer_Science/Programming_Languages/Python_Programming_(OpenStax)/13%3A_Inheritance/13.01%3A_Inheritance_Basics,,,
init,__init__(),___init___(),https://eng.libretexts.org/Bookshelves/Computer_Science/Programming_Languages/Python_Programming_(OpenStax)/11%3A_Classes/11.02%3A_Classes_and_Instances|https://eng.libretexts.org/Bookshelves/Computer_Science/Programming_Languages/Python_Programming_(OpenStax)/11%3A_Classes/11.03%3A_Instance_Methods,,,
input,Input,input,https://eng.libretexts.org/Bookshelves/Computer_Science/Programming_Languages/Python_Programming_(OpenStax)/01%3A_Statements/1.02%3A_Input_Output,,,
instance,Instance,instances,https://eng.libretexts.org/Bookshelves/Computer_Science/Programming_Languages/Python_Programming_(OpenStax)/11%3A_Classes/11.02%3A_Classes_and_Instances,,,
instance-attribute,Instance attribute,instance attribute|instance attributes|Instance attributes,https://eng.libretexts.org/Bookshelves/Computer_Science/Programming_Languages/Python_Programming_(OpenStax)/11%3A_Classes/11.02%3A_Classes_and_Instances,,,
instance-method,Instance method,instance method|instance methods|instance method's,https://eng.libretexts.org/Bookshelves/Computer_Science/Programming_Languages/Python_Programming_(OpenStax)/11%3A_Classes/11.03%3A_Instance_Methods,,,
integer,Integer,integer,https://eng.libretexts.org/Bookshelves/Computer_Science/Programming_Languages/Python_Programming_(OpenStax)/01%3A_Statements/1.05%3A_Number_Basics,,,
interpreted-language,Interpreted language,interpreted language,https://eng.libretexts.org/Bookshelves/Computer_Science/Programming_Languages/Python_Programming_(OpenStax)/02%3A_Expressions/2.01%3A_The_Python_Shell,,,
interpreter,Interpreter,interpreter|Python interpreter,https://eng.libretexts.org/Bookshelves/Computer_Science/Programming_Languages/Python_Programming_(OpenStax)/02%3A_Expressions/2.01%3A_The_Python_Shell,,,
is-a-relationship,Is-a relationship,is-a relationship|is-a relationships|Is-a relationships,https://eng.libretexts.org/Bookshelves/Computer_Science/Programming_Languages/Python_Programming_(OpenStax)/13%3A_Inheritance/13.01%3A_Inheritance_Basics,,,
join-method,join() method,join(),https://eng.libretexts.org/Bookshelves/Computer_Science/Programming_Languages/Python_Programming_(OpenStax)/08%3A__Strings/8.05%3A_Splitting_Joining_Strings,,,
key,Key,key|keys,https://eng.libretexts.org/Bookshelves/Computer_Science/Programming_Languages/Python_Programming_(OpenStax)/10%3A_Dictionaries/10.01%3A_Dictionary_Basics,,,
keyword,Keyword,keywords,https://eng.libretexts.org/Bookshelves/Computer_Science/Programming_Languages/Python_Programming_(OpenStax)/01%3A_Statements/1.03%3A_Variables,,,
keyword-argument,Keyword argument,Keyword arguments|keyword arguments|keyword argument,https://eng.libretexts.org/Bookshelves/Computer_Science/Programming_Languages/Python_Programming_(OpenStax)/06%3A_Functions/6.06%3A_Keyword_Arguments,,,
less-than,Less than,<,https://eng.libretexts.org/Bookshelves/Computer_Science/Programming_Languages/Python_Programming_(OpenStax)/04%3A__Decisions/4.08%3A_Chapter_Summary,,,
less-than-or-equal,Less than or equal,<=,https://eng.libretexts.org/Bookshelves/Computer_Science/Programming_Languages/Python_Programming_(OpenStax)/04%3A__Decisions/4.08%3A_Chapter_Summary,,,
library,Library,libraries,https://eng.libretexts.org/Bookshelves/Computer_Science/Programming_Languages/Python_Programming_(OpenStax)/01%3A_Statements/1.01%3A__Background,,,
line-plot,Line plot,line plot,https://eng.libretexts.org/Bookshelves/Computer_Science/Programming_Languages/Python_Programming_(OpenStax)/15%3A_Data_Science/15.05%3A_Data_Visualization,,,
list,List,Lists|list|list object,https://eng.libretexts.org/Bookshelves/Computer_Science/Programming_Languages/Python_Programming_(OpenStax)/03%3A_Objects/3.04%3A_List_Basics,,,
list-comprehension,List comprehension,List comprehensions|list comprehension|list comprehensions,https://eng.libretexts.org/Bookshelves/Computer_Science/Programming_Languages/Python_Programming_(OpenStax)/09%3A_Lists/9.05%3A_List_Comprehensions,,,
list-of-lists,List-of-lists,list-of-lists,https://eng.libretexts.org/Bookshelves/Computer_Science/Programming_Languages/Python_Programming_(OpenStax)/09%3A_Lists/9.04%3A_Nested_Lists,,,
local-scope,Local scope,local scope,https://eng.libretexts.org/Bookshelves/Computer_Science/Programming_Languages/Python_Programming_(OpenStax)/06%3A_Functions/6.03%3A_Variable_Scope,,,
logical-operator,Logical operator,logical operator|logical operators,https://eng.libretexts.org/Bookshelves/Computer_Science/Programming_Languages/Python_Programming_(OpenStax)/04%3A__Decisions/4.03%3A_Boolean_Operations,,,
loop,Loop,loop|Loops|loops,https://eng.libretexts.org/Bookshelves/Computer_Science/Programming_Languages/Python_Programming_(OpenStax)/05%3A_Loops/5.00%3A_Introduction,,,
loop-body,Loop body,loop body,https://eng.libretexts.org/Bookshelves/Computer_Science/Programming_Languages/Python_Programming_(OpenStax)/05%3A_Loops/5.01%3A_While_Loop,,,
loop-else-statement,Loop else statement,Loop else|loop else statement|loop else,https://eng.libretexts.org/Bookshelves/Computer_Science/Programming_Languages/Python_Programming_(OpenStax)/05%3A_Loops/5.05%3A_Loop_Else,,,
loop-expression,Loop expression,loop expression,https://eng.libretexts.org/Bookshelves/Computer_Science/Programming_Languages/Python_Programming_(OpenStax)/05%3A_Loops/5.01%3A_While_Loop,,,
lower-method,Lower() method,lower()|lower() method|lower() methods,https://eng.libretexts.org/Bookshelves/Computer_Science/Programming_Languages/Python_Programming_(OpenStax)/08%3A__Strings/8.01%3A_String_Operations,,,
mad-lib,Mad lib,mad lib,https://eng.libretexts.org/Bookshelves/Computer_Science/Programming_Languages/Python_Programming_(OpenStax)/03%3A_Objects/3.02%3A_Formatted_Strings,,,
magic-method,Magic method,Magic methods|magic methods|dunder methods|magic method,https://eng.libretexts.org/Bookshelves/Computer_Science/Programming_Languages/Python_Programming_(OpenStax)/11%3A_Classes/11.04%3A_Overloading_Operators,,,
max-function,Max function,max () function|max (),https://eng.libretexts.org/Bookshelves/Computer_Science/Programming_Languages/Python_Programming_(OpenStax)/09%3A_Lists/9.03%3A_Common_List_Operations,,,
memory-diagram,Memory diagram,memory diagram|memory diagrams,https://eng.libretexts.org/Bookshelves/Computer_Science/Programming_Languages/Python_Programming_(OpenStax)/03%3A_Objects/3.03%3A_Variables_Revisited,,,
method-overriding,Method overriding,Overriding methods|override|Overriding|overridden,https://eng.libretexts.org/Bookshelves/Computer_Science/Programming_Languages/Python_Programming_(OpenStax)/13%3A_Inheritance/13.03%3A_Methods,,,
min-function,Min function,min () function|min (),https://eng.libretexts.org/Bookshelves/Computer_Science/Programming_Languages/Python_Programming_(OpenStax)/09%3A_Lists/9.03%3A_Common_List_Operations,,,
mixin-class,Mixin class,Mixin classes|mixin class|mixin,https://eng.libretexts.org/Bookshelves/Computer_Science/Programming_Languages/Python_Programming_(OpenStax)/13%3A_Inheritance/13.05%3A_Multiple_Inheritance_and_Mixin_Classes,,,
mode,Mode,mode,https://eng.libretexts.org/Bookshelves/Computer_Science/Programming_Languages/Python_Programming_(OpenStax)/14%3A_Files/14.02%3A_Writing_to_Files,,,
module,Module,modules|module|Modules,https://eng.libretexts.org/Bookshelves/Computer_Science/Programming_Languages/Python_Programming_(OpenStax)/02%3A_Expressions/2.06%3A_The_Math_Module|https://eng.libretexts.org/Bookshelves/Computer_Science/Programming_Languages/Python_Programming_(OpenStax)/07%3A_Modules/7.00%3A_Introduction|https://eng.libretexts.org/Bookshelves/Computer_Science/Programming_Languages/Python_Programming_(OpenStax)/07%3A_Modules/7.01%3A_Module_Basics,,,
modulo,Modulo,,https://eng.libretexts.org/Bookshelves/Computer_Science/Programming_Languages/Python_Programming_(OpenStax)/02%3A_Expressions/2.09%3A_Chapter_Summary,,,
modulus,Modulus,modulus,https://eng.libretexts.org/Bookshelves/Computer_Science/Programming_Languages/Python_Programming_(OpenStax)/02%3A_Expressions/2.05%3A_Dividing_Integers,,,
multilevel-inheritance,Multilevel inheritance,multilevel inheritance,https://eng.libretexts.org/Bookshelves/Computer_Science/Programming_Languages/Python_Programming_(OpenStax)/13%3A_Inheritance/13.04%3A_Hierarchical_Inheritance,,,
multiple-inheritance,Multiple inheritance,multiple inheritance,https://eng.libretexts.org/Bookshelves/Computer_Science/Programming_Languages/Python_Programming_(OpenStax)/13%3A_Inheritance/13.05%3A_Multiple_Inheritance_and_Mixin_Classes,,,
mutable-data-type,Mutable data type,mutable data type|mutable,https://eng.libretexts.org/Bookshelves/Computer_Science/Programming_Languages/Python_Programming_(OpenStax)/10%3A_Dictionaries/10.03%3A_Dictionary_Operations,,,
mutable-object,Mutable object,mutable object|mutable,https://eng.libretexts.org/Bookshelves/Computer_Science/Programming_Languages/Python_Programming_(OpenStax)/03%3A_Objects/3.05%3A_Tuple_Basics|https://eng.libretexts.org/Bookshelves/Computer_Science/Programming_Languages/Python_Programming_(OpenStax)/06%3A_Functions/6.04%3A_Parameters,,,
name,__name__,,https://eng.libretexts.org/Bookshelves/Computer_Science/Programming_Languages/Python_Programming_(OpenStax)/07%3A_Modules/7.03%3A_Top-level_Code,,,
name-collision,Name collision,name collision|Name collisions|name collisions|collisions,https://eng.libretexts.org/Bookshelves/Computer_Science/Programming_Languages/Python_Programming_(OpenStax)/07%3A_Modules/7.02%3A_Importing_Names,,,
name-error,Name error,name error,https://eng.libretexts.org/Bookshelves/Computer_Science/Programming_Languages/Python_Programming_(OpenStax)/07%3A_Modules/7.02%3A_Importing_Names,,,
named-replacement-field,Named replacement field,named replacement fields|named replacement field|Named replacement fields,https://eng.libretexts.org/Bookshelves/Computer_Science/Programming_Languages/Python_Programming_(OpenStax)/08%3A__Strings/8.04%3A_String_Formatting,,,
ndarray,Ndarray,ndarray|ndarray object,https://eng.libretexts.org/Bookshelves/Computer_Science/Programming_Languages/Python_Programming_(OpenStax)/15%3A_Data_Science/15.02%3A_NumPy,,,
negative-indexing,Negative indexing,negative indexing,https://eng.libretexts.org/Bookshelves/Computer_Science/Programming_Languages/Python_Programming_(OpenStax)/08%3A__Strings/8.02%3A_String_Slicing,,,
nested-dictionary,Nested dictionary,Nested Dictionaries|Nested dictionaries|nested dictionaries|nested dictionary,https://eng.libretexts.org/Bookshelves/Computer_Science/Programming_Languages/Python_Programming_(OpenStax)/10%3A_Dictionaries/10.05%3A_Nested_Dictionaries_and_Dictionary_Comprehension,,,
nested-list,Nested list,nested list|Nested lists|nested lists,https://eng.libretexts.org/Bookshelves/Computer_Science/Programming_Languages/Python_Programming_(OpenStax)/09%3A_Lists/9.04%3A_Nested_Lists,,,
nested-loop,Nested loop,Nested loops|nested loop|nested loops,https://eng.libretexts.org/Bookshelves/Computer_Science/Programming_Languages/Python_Programming_(OpenStax)/05%3A_Loops/5.03%3A_Nested_Loops,,,
nesting,Nesting,nested,https://eng.libretexts.org/Bookshelves/Computer_Science/Programming_Languages/Python_Programming_(OpenStax)/04%3A__Decisions/4.06%3A_Nested_Decisions,,,
newline-character,Newline character,newline character|newline characters,https://eng.libretexts.org/Bookshelves/Computer_Science/Programming_Languages/Python_Programming_(OpenStax)/01%3A_Statements/1.02%3A_Input_Output,,,
not-operator,Not operator,not operator|not,https://eng.libretexts.org/Bookshelves/Computer_Science/Programming_Languages/Python_Programming_(OpenStax)/04%3A__Decisions/4.03%3A_Boolean_Operations,,,
numbered-replacement-field,Numbered replacement field,numbered replacement fields|Numbered replacement fields,https://eng.libretexts.org/Bookshelves/Computer_Science/Programming_Languages/Python_Programming_(OpenStax)/08%3A__Strings/8.04%3A_String_Formatting,,,
numpy,NumPy,Numerical Python|np|numpy,https://eng.libretexts.org/Bookshelves/Computer_Science/Programming_Languages/Python_Programming_(OpenStax)/15%3A_Data_Science/15.01%3A_Introduction_to_Data_Science|https://eng.libretexts.org/Bookshelves/Computer_Science/Programming_Languages/Python_Programming_(OpenStax)/15%3A_Data_Science/15.02%3A_NumPy,,,
object,Object,object|objects,https://eng.libretexts.org/Bookshelves/Computer_Science/Programming_Languages/Python_Programming_(OpenStax)/03%3A_Objects/3.00%3A_Introduction,,,
object-oriented-programming,Object-oriented programming,OOP|object-oriented programming,https://eng.libretexts.org/Bookshelves/Computer_Science/Programming_Languages/Python_Programming_(OpenStax)/11%3A_Classes/11.01%3A_Object-Oriented_Programming_Basics,,,
operator-overloading,Operator overloading,overloading|overload,https://eng.libretexts.org/Bookshelves/Computer_Science/Programming_Languages/Python_Programming_(OpenStax)/11%3A_Classes/11.04%3A_Overloading_Operators,,,
or-operator,Or operator,or operator|or,https://eng.libretexts.org/Bookshelves/Computer_Science/Programming_Languages/Python_Programming_(OpenStax)/04%3A__Decisions/4.03%3A_Boolean_Operations,,,
output,Output,output,https://eng.libretexts.org/Bookshelves/Computer_Science/Programming_Languages/Python_Programming_(OpenStax)/01%3A_Statements/1.02%3A_Input_Output,,,
overflow-error,Overflow error,overflow error,https://eng.libretexts.org/Bookshelves/Computer_Science/Programming_Languages/Python_Programming_(OpenStax)/02%3A_Expressions/2.04%3A_Floating-point_Errors,,,
palindrome,Palindrome,palindrome,https://eng.libretexts.org/Bookshelves/Computer_Science/Programming_Languages/Python_Programming_(OpenStax)/12%3A_Recursion/12.03%3A_Recursion_with_Strings_and_Lists,,,
pandas,Pandas,Pandas library,https://eng.libretexts.org/Bookshelves/Computer_Science/Programming_Languages/Python_Programming_(OpenStax)/15%3A_Data_Science/15.03%3A_Pandas,,,
panel-data,Panel data,panel data,https://eng.libretexts.org/Bookshelves/Computer_Science/Programming_Languages/Python_Programming_(OpenStax)/15%3A_Data_Science/15.03%3A_Pandas,,,
pass-statement,Pass statement,pass statement,https://eng.libretexts.org/Bookshelves/Computer_Science/Programming_Languages/Python_Programming_(OpenStax)/13%3A_Inheritance/13.05%3A_Multiple_Inheritance_and_Mixin_Classes,,,
path,Path,path,https://eng.libretexts.org/Bookshelves/Computer_Science/Programming_Languages/Python_Programming_(OpenStax)/14%3A_Files/14.03%3A_Files_in_Different_Locations_and_Working_with_CSV_Files,,,
pep-8,PEP 8,,https://eng.libretexts.org/Bookshelves/Computer_Science/Programming_Languages/Python_Programming_(OpenStax)/02%3A_Expressions/2.07%3A_Formatting_Code,,,
plotly,Plotly,,https://eng.libretexts.org/Bookshelves/Computer_Science/Programming_Languages/Python_Programming_(OpenStax)/15%3A_Data_Science/15.05%3A_Data_Visualization,,,
polymorphism,Polymorphism,polymorphism,https://eng.libretexts.org/Bookshelves/Computer_Science/Programming_Languages/Python_Programming_(OpenStax)/13%3A_Inheritance/13.03%3A_Methods,,,
pop-operation,Pop operation,pop() operation|pop(),https://eng.libretexts.org/Bookshelves/Computer_Science/Programming_Languages/Python_Programming_(OpenStax)/09%3A_Lists/9.01%3A_Modifying_and_Iterating_Lists,,,
positional-argument,Positional argument,positional arguments|positional argument|Positional arguments,https://eng.libretexts.org/Bookshelves/Computer_Science/Programming_Languages/Python_Programming_(OpenStax)/06%3A_Functions/6.06%3A_Keyword_Arguments,,,
precedence,Precedence,Precedence rules|Operator precedence,https://eng.libretexts.org/Bookshelves/Computer_Science/Programming_Languages/Python_Programming_(OpenStax)/04%3A__Decisions/4.04%3A_Operator_Precedence,,,
prime-number,Prime number,prime number|prime numbers,https://eng.libretexts.org/Bookshelves/Computer_Science/Programming_Languages/Python_Programming_(OpenStax)/05%3A_Loops/5.06%3A_Chapter_Summary,,,
program,Program,Programs|programs,https://eng.libretexts.org/Bookshelves/Computer_Science/Programming_Languages/Python_Programming_(OpenStax)/01%3A_Statements/1.00%3A_Introduction|https://eng.libretexts.org/Bookshelves/Computer_Science/Programming_Languages/Python_Programming_(OpenStax)/01%3A_Statements/1.01%3A__Background,,,
python-enhancement-proposal,Python Enhancement Proposal,PEP|PEPs,https://eng.libretexts.org/Bookshelves/Computer_Science/Programming_Languages/Python_Programming_(OpenStax)/02%3A_Expressions/2.07%3A_Formatting_Code,,,
python-package-index,Python Package Index,PyPI,https://eng.libretexts.org/Bookshelves/Computer_Science/Programming_Languages/Python_Programming_(OpenStax)/07%3A_Modules/7.05%3A_Finding_Modules,,,
python-standard-library,Python Standard Library,standard library,https://eng.libretexts.org/Bookshelves/Computer_Science/Programming_Languages/Python_Programming_(OpenStax)/07%3A_Modules/7.05%3A_Finding_Modules,,,
python-tutor,Python Tutor,,https://eng.libretexts.org/Bookshelves/Computer_Science/Programming_Languages/Python_Programming_(OpenStax)/03%3A_Objects/3.03%3A_Variables_Revisited,,,
range-function,Range function,range() function|range () function,https://eng.libretexts.org/Bookshelves/Computer_Science/Programming_Languages/Python_Programming_(OpenStax)/05%3A_Loops/5.02%3A_For_Loop,,,
real-division,Real division,,https://eng.libretexts.org/Bookshelves/Computer_Science/Programming_Languages/Python_Programming_(OpenStax)/02%3A_Expressions/2.09%3A_Chapter_Summary,,,
recursion,Recursion,recursion,https://eng.libretexts.org/Bookshelves/Computer_Science/Programming_Languages/Python_Programming_(OpenStax)/12%3A_Recursion/12.00%3A_Introduction|https://eng.libretexts.org/Bookshelves/Computer_Science/Programming_Languages/Python_Programming_(OpenStax)/12%3A_Recursion/12.01%3A_Recursion_Basics,,,
recursion-tree,Recursion tree,recursion tree,https://eng.libretexts.org/Bookshelves/Computer_Science/Programming_Languages/Python_Programming_(OpenStax)/12%3A_Recursion/12.04%3A_More_Math_Recursion,,,
recursive-case,Recursive case,recursive case,https://eng.libretexts.org/Bookshelves/Computer_Science/Programming_Languages/Python_Programming_(OpenStax)/12%3A_Recursion/12.02%3A_Simple_Math_Recursion,,,
remove-operation,Remove operation,remove() operation|remove operation|remove(),https://eng.libretexts.org/Bookshelves/Computer_Science/Programming_Languages/Python_Programming_(OpenStax)/09%3A_Lists/9.01%3A_Modifying_and_Iterating_Lists,,,
repetition,Repetition,,https://eng.libretexts.org/Bookshelves/Computer_Science/Programming_Languages/Python_Programming_(OpenStax)/02%3A_Expressions/2.09%3A_Chapter_Summary,,,
repetition-operator,Repetition operator,repetition operator,https://eng.libretexts.org/Bookshelves/Computer_Science/Programming_Languages/Python_Programming_(OpenStax)/02%3A_Expressions/2.03%3A_Mixed_Data_Types,,,
repl,REPL,read-eval-print loop,https://eng.libretexts.org/Bookshelves/Computer_Science/Programming_Languages/Python_Programming_(OpenStax)/02%3A_Expressions/2.01%3A_The_Python_Shell,,,
replacement-field,Replacement field,replacement field|replacement fields|Replacement fields,https://eng.libretexts.org/Bookshelves/Computer_Science/Programming_Languages/Python_Programming_(OpenStax)/03%3A_Objects/3.02%3A_Formatted_Strings|https://eng.libretexts.org/Bookshelves/Computer_Science/Programming_Languages/Python_Programming_(OpenStax)/08%3A__Strings/8.04%3A_String_Formatting,,,
return-statement,Return statement,return statement|return statements,https://eng.libretexts.org/Bookshelves/Computer_Science/Programming_Languages/Python_Programming_(OpenStax)/06%3A_Functions/6.05%3A_Return_Values,,,
round-off-error,Round-off error,round-off error,https://eng.libretexts.org/Bookshelves/Computer_Science/Programming_Languages/Python_Programming_(OpenStax)/02%3A_Expressions/2.04%3A_Floating-point_Errors,,,
scope,Scope,scope|variable's scope,https://eng.libretexts.org/Bookshelves/Computer_Science/Programming_Languages/Python_Programming_(OpenStax)/06%3A_Functions/6.03%3A_Variable_Scope,,,
self,Self,self,https://eng.libretexts.org/Bookshelves/Computer_Science/Programming_Languages/Python_Programming_(OpenStax)/11%3A_Classes/11.02%3A_Classes_and_Instances,,,
series,Series,Series objects,https://eng.libretexts.org/Bookshelves/Computer_Science/Programming_Languages/Python_Programming_(OpenStax)/15%3A_Data_Science/15.03%3A_Pandas,,,
shell,Shell,shell|console|terminal|Python shell,https://eng.libretexts.org/Bookshelves/Computer_Science/Programming_Languages/Python_Programming_(OpenStax)/02%3A_Expressions/2.01%3A_The_Python_Shell,,,
shift-cipher,Shift cipher,shift cipher,https://eng.libretexts.org/Bookshelves/Computer_Science/Programming_Languages/Python_Programming_(OpenStax)/03%3A_Objects/3.01%3A_Strings_Revisited,,,
snake-case,Snake case,snake case,https://eng.libretexts.org/Bookshelves/Computer_Science/Programming_Languages/Python_Programming_(OpenStax)/01%3A_Statements/1.03%3A_Variables,,,
sorting,Sorting,sort|sorted,https://eng.libretexts.org/Bookshelves/Computer_Science/Programming_Languages/Python_Programming_(OpenStax)/09%3A_Lists/9.02%3A_Sorting_and_Reversing_Lists,,,
split-method,split() method,split(),https://eng.libretexts.org/Bookshelves/Computer_Science/Programming_Languages/Python_Programming_(OpenStax)/08%3A__Strings/8.05%3A_Splitting_Joining_Strings,,,
statement,Statement,statement|statements,https://eng.libretexts.org/Bookshelves/Computer_Science/Programming_Languages/Python_Programming_(OpenStax)/01%3A_Statements/1.00%3A_Introduction,,,
step-size,Step size,step size,https://eng.libretexts.org/Bookshelves/Computer_Science/Programming_Languages/Python_Programming_(OpenStax)/05%3A_Loops/5.01%3A_While_Loop,,,
string,String,string|strings|string type|string value,https://eng.libretexts.org/Bookshelves/Computer_Science/Programming_Languages/Python_Programming_(OpenStax)/01%3A_Statements/1.04%3A_String_Basics|https://eng.libretexts.org/Bookshelves/Computer_Science/Programming_Languages/Python_Programming_(OpenStax)/01%3A_Statements/1.05%3A_Number_Basics|https://eng.libretexts.org/Bookshelves/Computer_Science/Programming_Languages/Python_Programming_(OpenStax)/03%3A_Objects/3.01%3A_Strings_Revisited|https://eng.libretexts.org/Bookshelves/Computer_Science/Programming_Languages/Python_Programming_(OpenStax)/08%3A__Strings/8.00%3A_Introduction|https://eng.libretexts.org/Bookshelves/Computer_Science/Programming_Languages/Python_Programming_(OpenStax)/08%3A__Strings/8.02%3A_String_Slicing,,,
string-length,String length,string length|length,https://eng.libretexts.org/Bookshelves/Computer_Science/Programming_Languages/Python_Programming_(OpenStax)/01%3A_Statements/1.04%3A_String_Basics,,,
string-slicing,String slicing,,https://eng.libretexts.org/Bookshelves/Computer_Science/Programming_Languages/Python_Programming_(OpenStax)/08%3A__Strings/8.02%3A_String_Slicing,,,
sum-function,Sum function,sum () function|sum ()|sum,https://eng.libretexts.org/Bookshelves/Computer_Science/Programming_Languages/Python_Programming_(OpenStax)/09%3A_Lists/9.03%3A_Common_List_Operations,,,
super,super(),super (),https://eng.libretexts.org/Bookshelves/Computer_Science/Programming_Languages/Python_Programming_(OpenStax)/13%3A_Inheritance/13.03%3A_Methods,,,
syntax,Syntax,,https://eng.libretexts.org/Bookshelves/Computer_Science/Programming_Languages/Python_Programming_(OpenStax)/01%3A_Statements/1.01%3A__Background,,,
traceback,Traceback,traceback,https://eng.libretexts.org/Bookshelves/Computer_Science/Programming_Languages/Python_Programming_(OpenStax)/01%3A_Statements/1.06%3A_Error_Messages,,,
transpose-operator,Transpose operator,T operator|transpose operator,https://eng.libretexts.org/Bookshelves/Computer_Science/Programming_Languages/Python_Programming_(OpenStax)/15%3A_Data_Science/15.02%3A_NumPy,,,
try-statement,Try statement,try statement,https://eng.libretexts.org/Bookshelves/Computer_Science/Programming_Languages/Python_Programming_(OpenStax)/14%3A_Files/14.04%3A_Handling_Exceptions,,,
tuple,Tuple,tuple|Tuples|tuples,https://eng.libretexts.org/Bookshelves/Computer_Science/Programming_Languages/Python_Programming_(OpenStax)/03%3A_Objects/3.05%3A_Tuple_Basics,,,
unicode,Unicode,,https://eng.libretexts.org/Bookshelves/Computer_Science/Programming_Languages/Python_Programming_(OpenStax)/03%3A_Objects/3.01%3A_Strings_Revisited,,,
upper-method,Upper() method,upper()|upper() method|upper() methods,https://eng.libretexts.org/Bookshelves/Computer_Science/Programming_Languages/Python_Programming_(OpenStax)/08%3A__Strings/8.01%3A_String_Operations,,,
value,Value,value|values,https://eng.libretexts.org/Bookshelves/Computer_Science/Programming_Languages/Python_Programming_(OpenStax)/10%3A_Dictionaries/10.01%3A_Dictionary_Basics,,,
variable,Variable,Variables|variable,https://eng.libretexts.org/Bookshelves/Computer_Science/Programming_Languages/Python_Programming_(OpenStax)/01%3A_Statements/1.03%3A_Variables,,,
while-loop,While loop,while loop,https://eng.libretexts.org/Bookshelves/Computer_Science/Programming_Languages/Python_Programming_(OpenStax)/05%3A_Loops/5.01%3A_While_Loop,,,
