slug,term,aliases,pages,checked_page,term_fit,reason
abstraction,Abstraction,,https://eng.libretexts.org/Bookshelves/Computer_Science/Programming_Languages/Python_Programming_(OpenStax)/11%3A_Classes/11.01%3A_Object-Oriented_Programming_Basics,,yes,
aliasing,Aliasing,aliases|aliased,https://eng.libretexts.org/Bookshelves/Computer_Science/Programming_Languages/Python_Programming_(OpenStax)/11%3A_Classes/11.05%3A_Using_Modules_with_Classes,,yes,
and-operator,And operator,and operator|and,https://eng.libretexts.org/Bookshelves/Computer_Science/Programming_Languages/Python_Programming_(OpenStax)/04%3A__Decisions/4.03%3A_Boolean_Operations,,yes,
append,Append,append|append() operation|append(),https://eng.libretexts.org/Bookshelves/Computer_Science/Programming_Languages/Python_Programming_(OpenStax)/09%3A_Lists/9.01%3A_Modifying_and_Iterating_Lists,,yes,
arithmetic-operator,Arithmetic operator,Arithmetic operators|arithmetic operator,https://eng.libretexts.org/Bookshelves/Computer_Science/Programming_Languages/Python_Programming_(OpenStax)/01%3A_Statements/1.05%3A_Number_Basics,,yes,
ascii,ASCII,American Standard Code for Information Interchange,https://eng.libretexts.org/Bookshelves/Computer_Science/Programming_Languages/Python_Programming_(OpenStax)/03%3A_Objects/3.01%3A_Strings_Revisited,,yes,
assignment-operator,Assignment operator,assignment operator,https://eng.libretexts.org/Bookshelves/Computer_Science/Programming_Languages/Python_Programming_(OpenStax)/01%3A_Statements/1.03%3A_Variables,,yes,
assignment-statement,Assignment statement,assignment statement,https://eng.libretexts.org/Bookshelves/Computer_Science/Programming_Languages/Python_Programming_(OpenStax)/01%3A_Statements/1.03%3A_Variables,,yes,
associativity,Associativity,,https://eng.libretexts.org/Bookshelves/Computer_Science/Programming_Languages/Python_Programming_(OpenStax)/04%3A__Decisions/4.04%3A_Operator_Precedence,,yes,
base-case,Base case,base case|base cases,https://eng.libretexts.org/Bookshelves/Computer_Science/Programming_Languages/Python_Programming_(OpenStax)/12%3A_Recursion/12.02%3A_Simple_Math_Recursion,,yes,
binary,Binary,binary,https://eng.libretexts.org/Bookshelves/Computer_Science/Programming_Languages/Python_Programming_(OpenStax)/02%3A_Expressions/2.04%3A_Floating-point_Errors,,yes,
binary-search,Binary search,binary search|binary search algorithm,https://eng.libretexts.org/Bookshelves/Computer_Science/Programming_Languages/Python_Programming_(OpenStax)/12%3A_Recursion/12.05%3A_Using_Recursion_to_Solve_Problems,,yes,
bool-data-type,Bool data type,bool data type|bool,https://eng.libretexts.org/Bookshelves/Computer_Science/Programming_Languages/Python_Programming_(OpenStax)/04%3A__Decisions/4.01%3A_Boolean_Values,,yes,
boolean-value,Boolean value,Booleans,https://eng.libretexts.org/Bookshelves/Computer_Science/Programming_Languages/Python_Programming_(OpenStax)/04%3A__Decisions/4.01%3A_Boolean_Values,,yes,
boolean-variable,Boolean variable,,https://eng.libretexts.org/Bookshelves/Computer_Science/Programming_Languages/Python_Programming_(OpenStax)/04%3A__Decisions/4.01%3A_Boolean_Values,,borderline,"A Boolean variable is a variable holding a Boolean value, and both of those are separate entries; the book defines all three on one page, so this may be a real distinction rather than a merge artifact."
box-plot,Box plot,box plot,https://eng.libretexts.org/Bookshelves/Computer_Science/Programming_Languages/Python_Programming_(OpenStax)/15%3A_Data_Science/15.05%3A_Data_Visualization,,yes,
branch,Branch,branch,https://eng.libretexts.org/Bookshelves/Computer_Science/Programming_Languages/Python_Programming_(OpenStax)/04%3A__Decisions/4.00%3A_Introduction,,yes,
break-statement,Break statement,break statement|Break|break,https://eng.libretexts.org/Bookshelves/Computer_Science/Programming_Languages/Python_Programming_(OpenStax)/05%3A_Loops/5.04%3A_Break_and_Continue,,yes,
built-in-function,Built-in function,built-in function|built-in functions,https://eng.libretexts.org/Bookshelves/Computer_Science/Programming_Languages/Python_Programming_(OpenStax)/02%3A_Expressions/2.06%3A_The_Math_Module,,yes,
class,Class,class|Classes,https://eng.libretexts.org/Bookshelves/Computer_Science/Programming_Languages/Python_Programming_(OpenStax)/11%3A_Classes/11.00%3A_Introduction|https://eng.libretexts.org/Bookshelves/Computer_Science/Programming_Languages/Python_Programming_(OpenStax)/11%3A_Classes/11.02%3A_Classes_and_Instances,,yes,
class-attribute,Class attribute,class attribute|class attributes|Class attributes,https://eng.libretexts.org/Bookshelves/Computer_Science/Programming_Languages/Python_Programming_(OpenStax)/11%3A_Classes/11.02%3A_Classes_and_Instances,,yes,
code-point,Code point,code point|code points|Code points,https://eng.libretexts.org/Bookshelves/Computer_Science/Programming_Languages/Python_Programming_(OpenStax)/03%3A_Objects/3.01%3A_Strings_Revisited,,yes,
comma-separated-value-file,Comma-separated value file,Comma separated value|CSV|.csv|CSV files,https://eng.libretexts.org/Bookshelves/Computer_Science/Programming_Languages/Python_Programming_(OpenStax)/14%3A_Files/14.03%3A_Files_in_Different_Locations_and_Working_with_CSV_Files,,yes,
comment,Comment,Comments|comments|comment,https://eng.libretexts.org/Bookshelves/Computer_Science/Programming_Languages/Python_Programming_(OpenStax)/01%3A_Statements/1.07%3A_Comments,,yes,
comparison-operator,Comparison operator,Comparison operators|comparison operators,https://eng.libretexts.org/Bookshelves/Computer_Science/Programming_Languages/Python_Programming_(OpenStax)/04%3A__Decisions/4.01%3A_Boolean_Values,,yes,
composition,Composition,composition,https://eng.libretexts.org/Bookshelves/Computer_Science/Programming_Languages/Python_Programming_(OpenStax)/13%3A_Inheritance/13.01%3A_Inheritance_Basics,,yes,
computer,Computer,computers,https://eng.libretexts.org/Bookshelves/Computer_Science/Programming_Languages/Python_Programming_(OpenStax)/01%3A_Statements/1.01%3A__Background,,no,"The audience sentence says readers are not new to computers, so the one term in the list they certainly already own is the one the book stops to define."
computer-program,Computer program,computer program,https://eng.libretexts.org/Bookshelves/Computer_Science/Programming_Languages/Python_Programming_(OpenStax)/02%3A_Expressions/2.00%3A_Introduction,,borderline,"The same concept as Program, which is also in the list from the same background section; a reader needs the idea once."
concatenation,Concatenation,concatenation,https://eng.libretexts.org/Bookshelves/Computer_Science/Programming_Languages/Python_Programming_(OpenStax)/01%3A_Statements/1.04%3A_String_Basics,,yes,
condition,Condition,condition,https://eng.libretexts.org/Bookshelves/Computer_Science/Programming_Languages/Python_Programming_(OpenStax)/04%3A__Decisions/4.02%3A_If-else_Statements,,yes,
conditional-expression,Conditional expression,conditional expression|ternary operator|Conditional expressions,https://eng.libretexts.org/Bookshelves/Computer_Science/Programming_Languages/Python_Programming_(OpenStax)/04%3A__Decisions/4.07%3A_Conditional_Expressions,,yes,
container,Container,containers|container,https://eng.libretexts.org/Bookshelves/Computer_Science/Programming_Languages/Python_Programming_(OpenStax)/03%3A_Objects/3.00%3A_Introduction,,yes,
continue-statement,Continue statement,continue statement|Continue|continue,https://eng.libretexts.org/Bookshelves/Computer_Science/Programming_Languages/Python_Programming_(OpenStax)/05%3A_Loops/5.04%3A_Break_and_Continue,,yes,
control-flow,Control flow,control flow,https://eng.libretexts.org/Bookshelves/Computer_Science/Programming_Languages/Python_Programming_(OpenStax)/06%3A_Functions/6.02%3A_Control_Flow,,yes,
copy-method,Copy method,copy() method,https://eng.libretexts.org/Bookshelves/Computer_Science/Programming_Languages/Python_Programming_(OpenStax)/09%3A_Lists/9.03%3A_Common_List_Operations,,yes,
count,count(),count() method|count(element),https://eng.libretexts.org/Bookshelves/Computer_Science/Programming_Languages/Python_Programming_(OpenStax)/08%3A__Strings/8.03%3A_Searching_Testing_Strings|https://eng.libretexts.org/Bookshelves/Computer_Science/Programming_Languages/Python_Programming_(OpenStax)/12%3A_Recursion/12.06%3A_Chapter_Summary,,yes,
data-filtering,Data filtering,,https://eng.libretexts.org/Bookshelves/Computer_Science/Programming_Languages/Python_Programming_(OpenStax)/15%3A_Data_Science/15.04%3A_Exploratory_Data_Analysis,y,yes,
data-science,Data science,Data Science|data science,https://eng.libretexts.org/Bookshelves/Computer_Science/Programming_Languages/Python_Programming_(OpenStax)/15%3A_Data_Science/15.00%3A_Introduction|https://eng.libretexts.org/Bookshelves/Computer_Science/Programming_Languages/Python_Programming_(OpenStax)/15%3A_Data_Science/15.01%3A_Introduction_to_Data_Science,,yes,
data-science-life-cycle,Data science life cycle,,https://eng.libretexts.org/Bookshelves/Computer_Science/Programming_Languages/Python_Programming_(OpenStax)/15%3A_Data_Science/15.01%3A_Introduction_to_Data_Science,y,yes,
data-slicing,Data slicing,,https://eng.libretexts.org/Bookshelves/Computer_Science/Programming_Languages/Python_Programming_(OpenStax)/15%3A_Data_Science/15.04%3A_Exploratory_Data_Analysis,y,yes,
data-type,Data type,data type|Numeric data types|types,https://eng.libretexts.org/Bookshelves/Computer_Science/Programming_Languages/Python_Programming_(OpenStax)/01%3A_Statements/1.05%3A_Number_Basics,,yes,
dataframe,DataFrame,DataFrame object|DataFrame objects,https://eng.libretexts.org/Bookshelves/Computer_Science/Programming_Languages/Python_Programming_(OpenStax)/15%3A_Data_Science/15.03%3A_Pandas,,yes,
default-parameter-value,Default parameter value,default parameter values|default value|default values,https://eng.libretexts.org/Bookshelves/Computer_Science/Programming_Languages/Python_Programming_(OpenStax)/06%3A_Functions/6.06%3A_Keyword_Arguments,,yes,
delimiter,Delimiter,delimiter|delimiters|separator,https://eng.libretexts.org/Bookshelves/Computer_Science/Programming_Languages/Python_Programming_(OpenStax)/08%3A__Strings/8.05%3A_Splitting_Joining_Strings,,yes,
descending-order,Descending order,Sorting in descending order|descending order,https://eng.libretexts.org/Bookshelves/Computer_Science/Programming_Languages/Python_Programming_(OpenStax)/09%3A_Lists/9.02%3A_Sorting_and_Reversing_Lists,y,no,The page uses it as plain English inside a checkpoint answer - sorting in descending order means arranging from largest to smallest - which is not something this audience looks up.
diamond-problem,Diamond problem,The diamond problem|diamond problem,https://eng.libretexts.org/Bookshelves/Computer_Science/Programming_Languages/Python_Programming_(OpenStax)/13%3A_Inheritance/13.05%3A_Multiple_Inheritance_and_Mixin_Classes,,yes,
dictionary,Dictionary,Python dictionary|dictionary|dictionaries|Dictionaries|dict,https://eng.libretexts.org/Bookshelves/Computer_Science/Programming_Languages/Python_Programming_(OpenStax)/10%3A_Dictionaries/10.00%3A_Introduction|https://eng.libretexts.org/Bookshelves/Computer_Science/Programming_Languages/Python_Programming_(OpenStax)/10%3A_Dictionaries/10.01%3A_Dictionary_Basics,,yes,
dictionary-comprehension,Dictionary comprehension,dictionary comprehension,https://eng.libretexts.org/Bookshelves/Computer_Science/Programming_Languages/Python_Programming_(OpenStax)/10%3A_Dictionaries/10.05%3A_Nested_Dictionaries_and_Dictionary_Comprehension,,yes,
docstring,Docstring,docstring|docstrings|Docstrings,https://eng.libretexts.org/Bookshelves/Computer_Science/Programming_Languages/Python_Programming_(OpenStax)/01%3A_Statements/1.07%3A_Comments|https://eng.libretexts.org/Bookshelves/Computer_Science/Programming_Languages/Python_Programming_(OpenStax)/01%3A_Statements/1.09%3A_Chapter_summary,,yes,
dunder-variable,Dunder variable,dunder|magic,https://eng.libretexts.org/Bookshelves/Computer_Science/Programming_Languages/Python_Programming_(OpenStax)/07%3A_Modules/7.03%3A_Top-level_Code,,yes,
elif-statement,Elif statement,elif|else if|elif statement,https://eng.libretexts.org/Bookshelves/Computer_Science/Programming_Languages/Python_Programming_(OpenStax)/04%3A__Decisions/4.05%3A_Chained_Decisions,,yes,
else-statement,Else statement,else statement,https://eng.libretexts.org/Bookshelves/Computer_Science/Programming_Languages/Python_Programming_(OpenStax)/04%3A__Decisions/4.02%3A_If-else_Statements,,yes,
encapsulation,Encapsulation,,https://eng.libretexts.org/Bookshelves/Computer_Science/Programming_Languages/Python_Programming_(OpenStax)/11%3A_Classes/11.01%3A_Object-Oriented_Programming_Basics,,yes,
equality,Equality,==,https://eng.libretexts.org/Bookshelves/Computer_Science/Programming_Languages/Python_Programming_(OpenStax)/04%3A__Decisions/4.08%3A_Chapter_Summary,,borderline,"The English name of ==, the same shape as the four comparison spellings cut above, but confusing == with = is the classic first-course error, so an entry keyed to the symbol earns its place in a way Greater than does not."
escape-sequence,Escape sequence,escape sequence,https://eng.libretexts.org/Bookshelves/Computer_Science/Programming_Languages/Python_Programming_(OpenStax)/03%3A_Objects/3.01%3A_Strings_Revisited,,yes,
euclid-s-method,Euclid's method,,https://eng.libretexts.org/Bookshelves/Computer_Science/Programming_Languages/Python_Programming_(OpenStax)/12%3A_Recursion/12.04%3A_More_Math_Recursion,,borderline,"A named algorithm the recursion chapter actually works through, so a reader may well look it up, but what it teaches is number theory rather than anything about Python."
except-clause,Except clause,except clause,https://eng.libretexts.org/Bookshelves/Computer_Science/Programming_Languages/Python_Programming_(OpenStax)/14%3A_Files/14.04%3A_Handling_Exceptions,,yes,
explicit-type-conversion,Explicit type conversion,explicit type conversion,https://eng.libretexts.org/Bookshelves/Computer_Science/Programming_Languages/Python_Programming_(OpenStax)/02%3A_Expressions/2.02%3A_Type_Conversion,,yes,
exploratory-data-analysis,Exploratory data analysis,Exploratory Data Analysis|EDA,https://eng.libretexts.org/Bookshelves/Computer_Science/Programming_Languages/Python_Programming_(OpenStax)/15%3A_Data_Science/15.04%3A_Exploratory_Data_Analysis,,yes,
expression,Expression,expression|expressions|Expressions,https://eng.libretexts.org/Bookshelves/Computer_Science/Programming_Languages/Python_Programming_(OpenStax)/02%3A_Expressions/2.00%3A_Introduction,,yes,
factorial,Factorial,factorial,https://eng.libretexts.org/Bookshelves/Computer_Science/Programming_Languages/Python_Programming_(OpenStax)/12%3A_Recursion/12.02%3A_Simple_Math_Recursion,,borderline,"Secondary-school mathematics rather than programming, but it carries the book's canonical recursion example, so a reader who never met it cannot follow chapter 12."
feature,Feature,,https://eng.libretexts.org/Bookshelves/Computer_Science/Programming_Languages/Python_Programming_(OpenStax)/15%3A_Data_Science/15.04%3A_Exploratory_Data_Analysis,y,yes,
fibonacci,Fibonacci,,https://eng.libretexts.org/Bookshelves/Computer_Science/Programming_Languages/Python_Programming_(OpenStax)/05%3A_Loops/5.01%3A_While_Loop,y,no,"On the while-loop page Fibonacci is the subject of a practice problem, introduced as a series where each number is the sum of the two preceding ones; the book is explaining the puzzle, not Python."
fibonacci-sequence,Fibonacci sequence,,https://eng.libretexts.org/Bookshelves/Computer_Science/Programming_Languages/Python_Programming_(OpenStax)/12%3A_Recursion/12.04%3A_More_Math_Recursion,,borderline,"The same mathematical object as the cut Fibonacci row, kept only because the recursion chapter works it through as its main example; the reader needs it once, not twice."
field-width,Field width,field width,https://eng.libretexts.org/Bookshelves/Computer_Science/Programming_Languages/Python_Programming_(OpenStax)/08%3A__Strings/8.04%3A_String_Formatting,,yes,
file-buffer,File buffer,file buffer,https://eng.libretexts.org/Bookshelves/Computer_Science/Programming_Languages/Python_Programming_(OpenStax)/14%3A_Files/14.02%3A_Writing_to_Files,y,yes,
find,find(),find() method,https://eng.libretexts.org/Bookshelves/Computer_Science/Programming_Languages/Python_Programming_(OpenStax)/08%3A__Strings/8.03%3A_Searching_Testing_Strings,,yes,
floating-point,Floating-point,floating-point|float,https://eng.libretexts.org/Bookshelves/Computer_Science/Programming_Languages/Python_Programming_(OpenStax)/01%3A_Statements/1.05%3A_Number_Basics,,yes,
floor-division,Floor division,,https://eng.libretexts.org/Bookshelves/Computer_Science/Programming_Languages/Python_Programming_(OpenStax)/02%3A_Expressions/2.09%3A_Chapter_Summary,,yes,
for-loop,For loop,for loop,https://eng.libretexts.org/Bookshelves/Computer_Science/Programming_Languages/Python_Programming_(OpenStax)/05%3A_Loops/5.02%3A_For_Loop,,yes,
format-specifier,Format specifier,format specifiers,https://eng.libretexts.org/Bookshelves/Computer_Science/Programming_Languages/Python_Programming_(OpenStax)/03%3A_Objects/3.02%3A_Formatted_Strings,,yes,
formatted-string-literal,Formatted string literal,f-string|F-strings|f-strings,https://eng.libretexts.org/Bookshelves/Computer_Science/Programming_Languages/Python_Programming_(OpenStax)/03%3A_Objects/3.02%3A_Formatted_Strings,,yes,
function,Function,Functions|function|functions,https://eng.libretexts.org/Bookshelves/Computer_Science/Programming_Languages/Python_Programming_(OpenStax)/06%3A_Functions/6.00%3A_Introduction|https://eng.libretexts.org/Bookshelves/Computer_Science/Programming_Languages/Python_Programming_(OpenStax)/06%3A_Functions/6.01%3A_Defining_Functions,,yes,
function-argument,Function argument,argument|arguments,https://eng.libretexts.org/Bookshelves/Computer_Science/Programming_Languages/Python_Programming_(OpenStax)/06%3A_Functions/6.04%3A_Parameters,,yes,
function-overloading,Function overloading,function overloading,https://eng.libretexts.org/Bookshelves/Computer_Science/Programming_Languages/Python_Programming_(OpenStax)/07%3A_Modules/7.02%3A_Importing_Names,,yes,
function-parameter,Function parameter,parameter|parameters,https://eng.libretexts.org/Bookshelves/Computer_Science/Programming_Languages/Python_Programming_(OpenStax)/06%3A_Functions/6.04%3A_Parameters,,yes,
global-scope,Global scope,global scope,https://eng.libretexts.org/Bookshelves/Computer_Science/Programming_Languages/Python_Programming_(OpenStax)/06%3A_Functions/6.03%3A_Variable_Scope,,yes,
google-colaboratory,Google Colaboratory,Colaboratory,https://eng.libretexts.org/Bookshelves/Computer_Science/Programming_Languages/Python_Programming_(OpenStax)/15%3A_Data_Science/15.01%3A_Introduction_to_Data_Science,y,yes,
greater-than,Greater than,>,https://eng.libretexts.org/Bookshelves/Computer_Science/Programming_Languages/Python_Programming_(OpenStax)/04%3A__Decisions/4.08%3A_Chapter_Summary,,no,"The English rendering of >, a symbol this audience reads before opening the book; Comparison operator already carries the Python content."
greater-than-or-equal,Greater than or equal,>=,https://eng.libretexts.org/Bookshelves/Computer_Science/Programming_Languages/Python_Programming_(OpenStax)/04%3A__Decisions/4.08%3A_Chapter_Summary,,no,"The English rendering of >=; same as Greater than, and the concept sits under Comparison operator."
greatest-common-divisor,Greatest common divisor,greatest common divisor|GCD,https://eng.libretexts.org/Bookshelves/Computer_Science/Programming_Languages/Python_Programming_(OpenStax)/12%3A_Recursion/12.04%3A_More_Math_Recursion,,borderline,"Arithmetic the reader may already know under another name, present because Euclid's method needs it; it teaches nothing about Python."
has-a-relationship,Has-a relationship,has-a relationship|has-a relationships,https://eng.libretexts.org/Bookshelves/Computer_Science/Programming_Languages/Python_Programming_(OpenStax)/13%3A_Inheritance/13.01%3A_Inheritance_Basics,,yes,
help-function,Help function,help () function|help function|help (),https://eng.libretexts.org/Bookshelves/Computer_Science/Programming_Languages/Python_Programming_(OpenStax)/07%3A_Modules/7.04%3A_The_Help_Function,,yes,
hierarchical-inheritance,Hierarchical inheritance,hierarchical inheritance,https://eng.libretexts.org/Bookshelves/Computer_Science/Programming_Languages/Python_Programming_(OpenStax)/13%3A_Inheritance/13.04%3A_Hierarchical_Inheritance,,yes,
high-level-language,High-level language,high-level language|high-level languages,https://eng.libretexts.org/Bookshelves/Computer_Science/Programming_Languages/Python_Programming_(OpenStax)/02%3A_Expressions/2.01%3A_The_Python_Shell,,yes,
histogram,Histogram,histogram,https://eng.libretexts.org/Bookshelves/Computer_Science/Programming_Languages/Python_Programming_(OpenStax)/15%3A_Data_Science/15.05%3A_Data_Visualization,,borderline,"The book plots one in chapter 15, but an audience that is not new to computers has met histograms in spreadsheets, and unlike a box plot there is nothing in one to misread."
hypertext-markup-language,HyperText Markup Language,HTML,https://eng.libretexts.org/Bookshelves/Computer_Science/Programming_Languages/Python_Programming_(OpenStax)/07%3A_Modules/7.04%3A_The_Help_Function,y,no,Defined on the page only as scenery for the example colors module - used to design websites and graphical applications - and nothing in the chapter asks the reader to write any HTML.
identity,Identity,identity|object's identity,https://eng.libretexts.org/Bookshelves/Computer_Science/Programming_Languages/Python_Programming_(OpenStax)/03%3A_Objects/3.03%3A_Variables_Revisited,,yes,
if-statement,If statement,if statement|if statement's,https://eng.libretexts.org/Bookshelves/Computer_Science/Programming_Languages/Python_Programming_(OpenStax)/04%3A__Decisions/4.02%3A_If-else_Statements,,yes,
immutable,Immutable,immutable,https://eng.libretexts.org/Bookshelves/Computer_Science/Programming_Languages/Python_Programming_(OpenStax)/08%3A__Strings/8.02%3A_String_Slicing,,yes,
immutable-object,Immutable object,immutable object|immutable,https://eng.libretexts.org/Bookshelves/Computer_Science/Programming_Languages/Python_Programming_(OpenStax)/03%3A_Objects/3.05%3A_Tuple_Basics|https://eng.libretexts.org/Bookshelves/Computer_Science/Programming_Languages/Python_Programming_(OpenStax)/06%3A_Functions/6.04%3A_Parameters,,borderline,The adjective and the noun for one idea both survive as entries; Immutable already covers it.
implicit-type-conversion,Implicit type conversion,implicit type conversion,https://eng.libretexts.org/Bookshelves/Computer_Science/Programming_Languages/Python_Programming_(OpenStax)/02%3A_Expressions/2.02%3A_Type_Conversion,,yes,
import-statement,Import statement,import statement|Import statements,https://eng.libretexts.org/Bookshelves/Computer_Science/Programming_Languages/Python_Programming_(OpenStax)/02%3A_Expressions/2.06%3A_The_Math_Module,,yes,
in-operator,In operator,in operator|in Boolean operator|in,https://eng.libretexts.org/Bookshelves/Computer_Science/Programming_Languages/Python_Programming_(OpenStax)/08%3A__Strings/8.03%3A_Searching_Testing_Strings,,yes,
index,index(),index|Indexes|Index|indexes|index() method,https://eng.libretexts.org/Bookshelves/Computer_Science/Programming_Languages/Python_Programming_(OpenStax)/03%3A_Objects/3.01%3A_Strings_Revisited|https://eng.libretexts.org/Bookshelves/Computer_Science/Programming_Languages/Python_Programming_(OpenStax)/03%3A_Objects/3.04%3A_List_Basics|https://eng.libretexts.org/Bookshelves/Computer_Science/Programming_Languages/Python_Programming_(OpenStax)/08%3A__Strings/8.03%3A_Searching_Testing_Strings,,yes,
index-method,Index method,index(),https://eng.libretexts.org/Bookshelves/Computer_Science/Programming_Languages/Python_Programming_(OpenStax)/08%3A__Strings/8.06%3A_Chapter_Summary,,borderline,"Duplicates the index() row, which covers the same method across three pages; this one exists because the chapter summary lists it again."
inequality,Inequality,!=,https://eng.libretexts.org/Bookshelves/Computer_Science/Programming_Languages/Python_Programming_(OpenStax)/04%3A__Decisions/4.08%3A_Chapter_Summary,,borderline,"The English name of !=, which unlike > is not guessable from the words by someone with no programming experience."
infinite-loop,Infinite loop,infinite loop,https://eng.libretexts.org/Bookshelves/Computer_Science/Programming_Languages/Python_Programming_(OpenStax)/05%3A_Loops/5.04%3A_Break_and_Continue,,yes,
inheritance,Inheritance,inheritance,https://eng.libretexts.org/Bookshelves/Computer_Science/Programming_Languages/Python_Programming_(OpenStax)/13%3A_Inheritance/13.00%3A_Introduction|https://eng.libretexts.org/Bookshelves/Computer_Science/Programming_Languages/Python_Programming_(OpenStax)/13%3A_Inheritance/13.01%3A_Inheritance_Basics,,yes,
init,__init__(),___init___(),https://eng.libretexts.org/Bookshelves/Computer_Science/Programming_Languages/Python_Programming_(OpenStax)/11%3A_Classes/11.02%3A_Classes_and_Instances|https://eng.libretexts.org/Bookshelves/Computer_Science/Programming_Languages/Python_Programming_(OpenStax)/11%3A_Classes/11.03%3A_Instance_Methods,,yes,
input,Input,input,https://eng.libretexts.org/Bookshelves/Computer_Science/Programming_Languages/Python_Programming_(OpenStax)/01%3A_Statements/1.02%3A_Input_Output,,yes,
instance,Instance,instances|instance,https://eng.libretexts.org/Bookshelves/Computer_Science/Programming_Languages/Python_Programming_(OpenStax)/11%3A_Classes/11.02%3A_Classes_and_Instances,,yes,
instance-attribute,Instance attribute,instance attribute|instance attributes|Instance attributes,https://eng.libretexts.org/Bookshelves/Computer_Science/Programming_Languages/Python_Programming_(OpenStax)/11%3A_Classes/11.02%3A_Classes_and_Instances,,yes,
instance-method,Instance method,instance method|instance methods|instance method's,https://eng.libretexts.org/Bookshelves/Computer_Science/Programming_Languages/Python_Programming_(OpenStax)/11%3A_Classes/11.03%3A_Instance_Methods,,yes,
integer,Integer,integer|int,https://eng.libretexts.org/Bookshelves/Computer_Science/Programming_Languages/Python_Programming_(OpenStax)/01%3A_Statements/1.05%3A_Number_Basics,,yes,
interpreted-language,Interpreted language,interpreted language,https://eng.libretexts.org/Bookshelves/Computer_Science/Programming_Languages/Python_Programming_(OpenStax)/02%3A_Expressions/2.01%3A_The_Python_Shell,,yes,
interpreter,Interpreter,Python interpreter|interpreter,https://eng.libretexts.org/Bookshelves/Computer_Science/Programming_Languages/Python_Programming_(OpenStax)/02%3A_Expressions/2.01%3A_The_Python_Shell,,yes,
is-a-relationship,Is-a relationship,is-a relationship|is-a relationships|Is-a relationships,https://eng.libretexts.org/Bookshelves/Computer_Science/Programming_Languages/Python_Programming_(OpenStax)/13%3A_Inheritance/13.01%3A_Inheritance_Basics,,yes,
join-method,join() method,join(),https://eng.libretexts.org/Bookshelves/Computer_Science/Programming_Languages/Python_Programming_(OpenStax)/08%3A__Strings/8.05%3A_Splitting_Joining_Strings,,yes,
key,Key,key|keys,https://eng.libretexts.org/Bookshelves/Computer_Science/Programming_Languages/Python_Programming_(OpenStax)/10%3A_Dictionaries/10.01%3A_Dictionary_Basics,,yes,
keyword,Keyword,keywords,https://eng.libretexts.org/Bookshelves/Computer_Science/Programming_Languages/Python_Programming_(OpenStax)/01%3A_Statements/1.03%3A_Variables,,yes,
keyword-argument,Keyword argument,keyword arguments|keyword argument,https://eng.libretexts.org/Bookshelves/Computer_Science/Programming_Languages/Python_Programming_(OpenStax)/06%3A_Functions/6.06%3A_Keyword_Arguments,,yes,
less-than,Less than,<,https://eng.libretexts.org/Bookshelves/Computer_Science/Programming_Languages/Python_Programming_(OpenStax)/04%3A__Decisions/4.08%3A_Chapter_Summary,,no,"The English rendering of <, which this audience already reads."
less-than-or-equal,Less than or equal,<=,https://eng.libretexts.org/Bookshelves/Computer_Science/Programming_Languages/Python_Programming_(OpenStax)/04%3A__Decisions/4.08%3A_Chapter_Summary,,no,The English rendering of <=; same as Less than.
library,Library,libraries,https://eng.libretexts.org/Bookshelves/Computer_Science/Programming_Languages/Python_Programming_(OpenStax)/01%3A_Statements/1.01%3A__Background,,yes,
line-plot,Line plot,line plot,https://eng.libretexts.org/Bookshelves/Computer_Science/Programming_Languages/Python_Programming_(OpenStax)/15%3A_Data_Science/15.05%3A_Data_Visualization,,no,"A chart type the audience has already made in a spreadsheet, and the name states exactly what it is; there is nothing in it to misread."
list,List,list|Lists|lists,https://eng.libretexts.org/Bookshelves/Computer_Science/Programming_Languages/Python_Programming_(OpenStax)/03%3A_Objects/3.04%3A_List_Basics,,yes,
list-comprehension,List comprehension,List comprehensions|list comprehension,https://eng.libretexts.org/Bookshelves/Computer_Science/Programming_Languages/Python_Programming_(OpenStax)/09%3A_Lists/9.05%3A_List_Comprehensions,,yes,
list-of-lists,List-of-lists,list-of-lists,https://eng.libretexts.org/Bookshelves/Computer_Science/Programming_Languages/Python_Programming_(OpenStax)/09%3A_Lists/9.04%3A_Nested_Lists,,borderline,"The book's informal phrase for the same structure as Nested list, defined on the same page; one of the two is the reviewer's to drop."
local-scope,Local scope,local scope,https://eng.libretexts.org/Bookshelves/Computer_Science/Programming_Languages/Python_Programming_(OpenStax)/06%3A_Functions/6.03%3A_Variable_Scope,,yes,
logical-operator,Logical operator,logical operator|logical operators,https://eng.libretexts.org/Bookshelves/Computer_Science/Programming_Languages/Python_Programming_(OpenStax)/04%3A__Decisions/4.03%3A_Boolean_Operations,,yes,
loop,Loop,loop|Loops,https://eng.libretexts.org/Bookshelves/Computer_Science/Programming_Languages/Python_Programming_(OpenStax)/05%3A_Loops/5.00%3A_Introduction,,yes,
loop-body,Loop body,loop body,https://eng.libretexts.org/Bookshelves/Computer_Science/Programming_Languages/Python_Programming_(OpenStax)/05%3A_Loops/5.01%3A_While_Loop,,yes,
loop-else-statement,Loop else statement,Loop else|loop else statement|loop else,https://eng.libretexts.org/Bookshelves/Computer_Science/Programming_Languages/Python_Programming_(OpenStax)/05%3A_Loops/5.05%3A_Loop_Else,,yes,
loop-expression,Loop expression,loop expression,https://eng.libretexts.org/Bookshelves/Computer_Science/Programming_Languages/Python_Programming_(OpenStax)/05%3A_Loops/5.01%3A_While_Loop,y,yes,
lower-method,Lower() method,lower()|lower() method|lower() methods,https://eng.libretexts.org/Bookshelves/Computer_Science/Programming_Languages/Python_Programming_(OpenStax)/08%3A__Strings/8.01%3A_String_Operations,,borderline,"The name states the behaviour, and a reader who has met one string method has met this one; it is vocabulary the book can leave to its method list."
mad-lib,Mad lib,mad lib|Mad Lib,https://eng.libretexts.org/Bookshelves/Computer_Science/Programming_Languages/Python_Programming_(OpenStax)/01%3A_Statements/1.09%3A_Chapter_summary,y,no,"The topic of an end-of-chapter exercise - a word game in which one person asks others for words to substitute into a pre-written story - explained because the puzzle needs explaining, not because Python does."
magic-method,Magic method,Magic methods|magic methods|magic method|dunder methods,https://eng.libretexts.org/Bookshelves/Computer_Science/Programming_Languages/Python_Programming_(OpenStax)/11%3A_Classes/11.04%3A_Overloading_Operators,,yes,
max-function,Max function,max () function|max (),https://eng.libretexts.org/Bookshelves/Computer_Science/Programming_Languages/Python_Programming_(OpenStax)/09%3A_Lists/9.03%3A_Common_List_Operations,,borderline,"What max() returns is guessable from its name; what a first-course reader actually needs is that it accepts a list, which is a fact about lists rather than about the term."
memory-diagram,Memory diagram,memory diagram|memory diagrams,https://eng.libretexts.org/Bookshelves/Computer_Science/Programming_Languages/Python_Programming_(OpenStax)/03%3A_Objects/3.03%3A_Variables_Revisited,,yes,
min-function,Min function,min () function|min (),https://eng.libretexts.org/Bookshelves/Computer_Science/Programming_Languages/Python_Programming_(OpenStax)/09%3A_Lists/9.03%3A_Common_List_Operations,,borderline,Guessable from the name; same as max().
mixin-class,Mixin class,Mixin classes|mixin classes|mixin class,https://eng.libretexts.org/Bookshelves/Computer_Science/Programming_Languages/Python_Programming_(OpenStax)/13%3A_Inheritance/13.05%3A_Multiple_Inheritance_and_Mixin_Classes,,yes,
mode,Mode,mode,https://eng.libretexts.org/Bookshelves/Computer_Science/Programming_Languages/Python_Programming_(OpenStax)/14%3A_Files/14.02%3A_Writing_to_Files,y,yes,
module,Module,module|modules|module's|Modules,https://eng.libretexts.org/Bookshelves/Computer_Science/Programming_Languages/Python_Programming_(OpenStax)/02%3A_Expressions/2.06%3A_The_Math_Module|https://eng.libretexts.org/Bookshelves/Computer_Science/Programming_Languages/Python_Programming_(OpenStax)/07%3A_Modules/7.00%3A_Introduction|https://eng.libretexts.org/Bookshelves/Computer_Science/Programming_Languages/Python_Programming_(OpenStax)/07%3A_Modules/7.01%3A_Module_Basics,,yes,
modulo,Modulo,,https://eng.libretexts.org/Bookshelves/Computer_Science/Programming_Languages/Python_Programming_(OpenStax)/02%3A_Expressions/2.09%3A_Chapter_Summary,,borderline,"The same operator as Modulus, picked up a second time from the chapter summary; the concept belongs, the second entry does not."
modulus,Modulus,modulus,https://eng.libretexts.org/Bookshelves/Computer_Science/Programming_Languages/Python_Programming_(OpenStax)/02%3A_Expressions/2.05%3A_Dividing_Integers,,yes,
multilevel-inheritance,Multilevel inheritance,multilevel inheritance,https://eng.libretexts.org/Bookshelves/Computer_Science/Programming_Languages/Python_Programming_(OpenStax)/13%3A_Inheritance/13.04%3A_Hierarchical_Inheritance,,yes,
multiple-inheritance,Multiple inheritance,,https://eng.libretexts.org/Bookshelves/Computer_Science/Programming_Languages/Python_Programming_(OpenStax)/13%3A_Inheritance/13.05%3A_Multiple_Inheritance_and_Mixin_Classes,,yes,
mutable-data-type,Mutable data type,mutable data type|mutability,https://eng.libretexts.org/Bookshelves/Computer_Science/Programming_Languages/Python_Programming_(OpenStax)/10%3A_Dictionaries/10.03%3A_Dictionary_Operations,,yes,
mutable-object,Mutable object,mutable object|mutable,https://eng.libretexts.org/Bookshelves/Computer_Science/Programming_Languages/Python_Programming_(OpenStax)/03%3A_Objects/3.05%3A_Tuple_Basics|https://eng.libretexts.org/Bookshelves/Computer_Science/Programming_Languages/Python_Programming_(OpenStax)/06%3A_Functions/6.04%3A_Parameters,,borderline,Pairs with Mutable data type as two names for one idea; a reader looking up either wants the same paragraph.
name,__name__,,https://eng.libretexts.org/Bookshelves/Computer_Science/Programming_Languages/Python_Programming_(OpenStax)/07%3A_Modules/7.03%3A_Top-level_Code,,yes,
name-collision,Name collision,name collision|Name collisions|name collisions,https://eng.libretexts.org/Bookshelves/Computer_Science/Programming_Languages/Python_Programming_(OpenStax)/07%3A_Modules/7.02%3A_Importing_Names,,yes,
name-error,Name error,name error,https://eng.libretexts.org/Bookshelves/Computer_Science/Programming_Languages/Python_Programming_(OpenStax)/07%3A_Modules/7.02%3A_Importing_Names,,yes,
named-replacement-field,Named replacement field,named replacement fields|named replacement field,https://eng.libretexts.org/Bookshelves/Computer_Science/Programming_Languages/Python_Programming_(OpenStax)/08%3A__Strings/8.04%3A_String_Formatting,,yes,
ndarray,Ndarray,ndarray|ndarray object|NumPy array,https://eng.libretexts.org/Bookshelves/Computer_Science/Programming_Languages/Python_Programming_(OpenStax)/15%3A_Data_Science/15.02%3A_NumPy,,yes,
negative-indexing,Negative indexing,negative indexing,https://eng.libretexts.org/Bookshelves/Computer_Science/Programming_Languages/Python_Programming_(OpenStax)/08%3A__Strings/8.02%3A_String_Slicing,,yes,
nested-dictionary,Nested dictionary,Nested Dictionaries|Nested dictionaries|nested dictionaries|nested dictionary,https://eng.libretexts.org/Bookshelves/Computer_Science/Programming_Languages/Python_Programming_(OpenStax)/10%3A_Dictionaries/10.05%3A_Nested_Dictionaries_and_Dictionary_Comprehension,,yes,
nested-list,Nested list,nested list|Nested lists|nested lists,https://eng.libretexts.org/Bookshelves/Computer_Science/Programming_Languages/Python_Programming_(OpenStax)/09%3A_Lists/9.04%3A_Nested_Lists,,yes,
nested-loop,Nested loop,nested loops|nested loop|Nested loops,https://eng.libretexts.org/Bookshelves/Computer_Science/Programming_Languages/Python_Programming_(OpenStax)/05%3A_Loops/5.03%3A_Nested_Loops,,yes,
nesting,Nesting,,https://eng.libretexts.org/Bookshelves/Computer_Science/Programming_Languages/Python_Programming_(OpenStax)/04%3A__Decisions/4.06%3A_Nested_Decisions,,yes,
newline-character,Newline character,newline character|newline characters,https://eng.libretexts.org/Bookshelves/Computer_Science/Programming_Languages/Python_Programming_(OpenStax)/01%3A_Statements/1.02%3A_Input_Output,,yes,
not-operator,Not operator,not operator|not,https://eng.libretexts.org/Bookshelves/Computer_Science/Programming_Languages/Python_Programming_(OpenStax)/04%3A__Decisions/4.03%3A_Boolean_Operations,,yes,
numbered-replacement-field,Numbered replacement field,numbered replacement fields,https://eng.libretexts.org/Bookshelves/Computer_Science/Programming_Languages/Python_Programming_(OpenStax)/08%3A__Strings/8.04%3A_String_Formatting,,yes,
numpy,NumPy,Numerical Python|NumPy library,https://eng.libretexts.org/Bookshelves/Computer_Science/Programming_Languages/Python_Programming_(OpenStax)/15%3A_Data_Science/15.01%3A_Introduction_to_Data_Science|https://eng.libretexts.org/Bookshelves/Computer_Science/Programming_Languages/Python_Programming_(OpenStax)/15%3A_Data_Science/15.02%3A_NumPy,,yes,
object,Object,object|objects,https://eng.libretexts.org/Bookshelves/Computer_Science/Programming_Languages/Python_Programming_(OpenStax)/03%3A_Objects/3.00%3A_Introduction,,yes,
object-oriented-programming,Object-oriented programming,OOP,https://eng.libretexts.org/Bookshelves/Computer_Science/Programming_Languages/Python_Programming_(OpenStax)/11%3A_Classes/11.01%3A_Object-Oriented_Programming_Basics,,yes,
operator-overloading,Operator overloading,overloaded|overload,https://eng.libretexts.org/Bookshelves/Computer_Science/Programming_Languages/Python_Programming_(OpenStax)/11%3A_Classes/11.04%3A_Overloading_Operators,,yes,
or-operator,Or operator,or operator|or,https://eng.libretexts.org/Bookshelves/Computer_Science/Programming_Languages/Python_Programming_(OpenStax)/04%3A__Decisions/4.03%3A_Boolean_Operations,,yes,
outer-loop,Outer loop,outer loop,https://eng.libretexts.org/Bookshelves/Computer_Science/Programming_Languages/Python_Programming_(OpenStax)/05%3A_Loops/5.03%3A_Nested_Loops,,borderline,"Follows immediately from Nested loop, which is also in the list, and the book supplies no matching inner loop entry to pair it with."
output,Output,output,https://eng.libretexts.org/Bookshelves/Computer_Science/Programming_Languages/Python_Programming_(OpenStax)/01%3A_Statements/1.02%3A_Input_Output,,yes,
overflow-error,Overflow error,overflow error,https://eng.libretexts.org/Bookshelves/Computer_Science/Programming_Languages/Python_Programming_(OpenStax)/02%3A_Expressions/2.04%3A_Floating-point_Errors,,yes,
overriding,Overriding,override|overridden,https://eng.libretexts.org/Bookshelves/Computer_Science/Programming_Languages/Python_Programming_(OpenStax)/13%3A_Inheritance/13.03%3A_Methods,,yes,
palindrome,Palindrome,palindrome,https://eng.libretexts.org/Bookshelves/Computer_Science/Programming_Languages/Python_Programming_(OpenStax)/12%3A_Recursion/12.03%3A_Recursion_with_Strings_and_Lists,,no,"A property of words used as a recursion exercise; the book defines the puzzle so the reader can code it, which is the scanner correctly finding a definition of something that is not Python."
pandas,Pandas,Pandas library,https://eng.libretexts.org/Bookshelves/Computer_Science/Programming_Languages/Python_Programming_(OpenStax)/15%3A_Data_Science/15.03%3A_Pandas,,yes,
panel-data,Panel data,panel data,https://eng.libretexts.org/Bookshelves/Computer_Science/Programming_Languages/Python_Programming_(OpenStax)/15%3A_Data_Science/15.03%3A_Pandas,y,no,"Appears once, as the etymology of the library name - Pandas is derived from the term panel data - and the chapter never asks the reader to use it."
pass-statement,Pass statement,pass statement,https://eng.libretexts.org/Bookshelves/Computer_Science/Programming_Languages/Python_Programming_(OpenStax)/13%3A_Inheritance/13.05%3A_Multiple_Inheritance_and_Mixin_Classes,,yes,
path,Path,path,https://eng.libretexts.org/Bookshelves/Computer_Science/Programming_Languages/Python_Programming_(OpenStax)/14%3A_Files/14.03%3A_Files_in_Different_Locations_and_Working_with_CSV_Files,,yes,
pep-8,PEP 8,,https://eng.libretexts.org/Bookshelves/Computer_Science/Programming_Languages/Python_Programming_(OpenStax)/02%3A_Expressions/2.07%3A_Formatting_Code,,yes,
plotly,Plotly,,https://eng.libretexts.org/Bookshelves/Computer_Science/Programming_Languages/Python_Programming_(OpenStax)/15%3A_Data_Science/15.05%3A_Data_Visualization,,yes,
polymorphism,Polymorphism,polymorphism,https://eng.libretexts.org/Bookshelves/Computer_Science/Programming_Languages/Python_Programming_(OpenStax)/13%3A_Inheritance/13.03%3A_Methods,,yes,
pop-operation,Pop operation,pop() operation|pop(),https://eng.libretexts.org/Bookshelves/Computer_Science/Programming_Languages/Python_Programming_(OpenStax)/09%3A_Lists/9.01%3A_Modifying_and_Iterating_Lists,,yes,
positional-argument,Positional argument,positional arguments|positional argument,https://eng.libretexts.org/Bookshelves/Computer_Science/Programming_Languages/Python_Programming_(OpenStax)/06%3A_Functions/6.06%3A_Keyword_Arguments,,yes,
precedence,Precedence,Precedence rules|precedence|Operator precedence,https://eng.libretexts.org/Bookshelves/Computer_Science/Programming_Languages/Python_Programming_(OpenStax)/04%3A__Decisions/4.04%3A_Operator_Precedence,,yes,
prime-number,Prime number,prime number|prime numbers,https://eng.libretexts.org/Bookshelves/Computer_Science/Programming_Languages/Python_Programming_(OpenStax)/05%3A_Loops/5.06%3A_Chapter_Summary,,no,"Arithmetic every reader brings with them, present only because the loops chapter uses primes for an exercise."
program,Program,programs,https://eng.libretexts.org/Bookshelves/Computer_Science/Programming_Languages/Python_Programming_(OpenStax)/01%3A_Statements/1.01%3A__Background,,yes,
python-enhancement-proposal,Python Enhancement Proposal,PEP|PEPs,https://eng.libretexts.org/Bookshelves/Computer_Science/Programming_Languages/Python_Programming_(OpenStax)/02%3A_Expressions/2.07%3A_Formatting_Code,,yes,
python-package-index,Python Package Index,PyPI,https://eng.libretexts.org/Bookshelves/Computer_Science/Programming_Languages/Python_Programming_(OpenStax)/07%3A_Modules/7.05%3A_Finding_Modules,,yes,
python-standard-library,Python Standard Library,standard library,https://eng.libretexts.org/Bookshelves/Computer_Science/Programming_Languages/Python_Programming_(OpenStax)/07%3A_Modules/7.05%3A_Finding_Modules,,yes,
range-function,Range function,range() function|range () function,https://eng.libretexts.org/Bookshelves/Computer_Science/Programming_Languages/Python_Programming_(OpenStax)/05%3A_Loops/5.02%3A_For_Loop,,yes,
real-division,Real division,,https://eng.libretexts.org/Bookshelves/Computer_Science/Programming_Languages/Python_Programming_(OpenStax)/02%3A_Expressions/2.09%3A_Chapter_Summary,,yes,
recursion,Recursion,recursion,https://eng.libretexts.org/Bookshelves/Computer_Science/Programming_Languages/Python_Programming_(OpenStax)/12%3A_Recursion/12.00%3A_Introduction|https://eng.libretexts.org/Bookshelves/Computer_Science/Programming_Languages/Python_Programming_(OpenStax)/12%3A_Recursion/12.01%3A_Recursion_Basics,,yes,
recursion-tree,Recursion tree,recursion tree,https://eng.libretexts.org/Bookshelves/Computer_Science/Programming_Languages/Python_Programming_(OpenStax)/12%3A_Recursion/12.04%3A_More_Math_Recursion,,yes,
recursive-case,Recursive case,recursive case,https://eng.libretexts.org/Bookshelves/Computer_Science/Programming_Languages/Python_Programming_(OpenStax)/12%3A_Recursion/12.02%3A_Simple_Math_Recursion,,yes,
remove-operation,Remove operation,remove() operation|remove()|remove operation,https://eng.libretexts.org/Bookshelves/Computer_Science/Programming_Languages/Python_Programming_(OpenStax)/09%3A_Lists/9.01%3A_Modifying_and_Iterating_Lists,,yes,
repetition,Repetition,,https://eng.libretexts.org/Bookshelves/Computer_Science/Programming_Languages/Python_Programming_(OpenStax)/02%3A_Expressions/2.09%3A_Chapter_Summary,,borderline,"The chapter summary's name for the same * behaviour as Repetition operator, which is the entry carrying the content."
repetition-operator,Repetition operator,repetition operator,https://eng.libretexts.org/Bookshelves/Computer_Science/Programming_Languages/Python_Programming_(OpenStax)/02%3A_Expressions/2.03%3A_Mixed_Data_Types,,yes,
repl,REPL,read-eval-print loop,https://eng.libretexts.org/Bookshelves/Computer_Science/Programming_Languages/Python_Programming_(OpenStax)/02%3A_Expressions/2.01%3A_The_Python_Shell,,yes,
replacement-field,Replacement field,replacement fields,https://eng.libretexts.org/Bookshelves/Computer_Science/Programming_Languages/Python_Programming_(OpenStax)/03%3A_Objects/3.02%3A_Formatted_Strings|https://eng.libretexts.org/Bookshelves/Computer_Science/Programming_Languages/Python_Programming_(OpenStax)/08%3A__Strings/8.04%3A_String_Formatting,,yes,
return-statement,Return statement,return statement|return statements,https://eng.libretexts.org/Bookshelves/Computer_Science/Programming_Languages/Python_Programming_(OpenStax)/06%3A_Functions/6.05%3A_Return_Values,,yes,
round-off-error,Round-off error,round-off error,https://eng.libretexts.org/Bookshelves/Computer_Science/Programming_Languages/Python_Programming_(OpenStax)/02%3A_Expressions/2.04%3A_Floating-point_Errors,,yes,
scope,Scope,scope,https://eng.libretexts.org/Bookshelves/Computer_Science/Programming_Languages/Python_Programming_(OpenStax)/06%3A_Functions/6.03%3A_Variable_Scope,,yes,
self,Self,self,https://eng.libretexts.org/Bookshelves/Computer_Science/Programming_Languages/Python_Programming_(OpenStax)/11%3A_Classes/11.02%3A_Classes_and_Instances,,yes,
series,Series,Series objects,https://eng.libretexts.org/Bookshelves/Computer_Science/Programming_Languages/Python_Programming_(OpenStax)/15%3A_Data_Science/15.03%3A_Pandas,,yes,
shell,Shell,shell|console|terminal|Python shell,https://eng.libretexts.org/Bookshelves/Computer_Science/Programming_Languages/Python_Programming_(OpenStax)/02%3A_Expressions/2.01%3A_The_Python_Shell,,yes,
shift-cipher,Shift cipher,shift cipher,https://eng.libretexts.org/Bookshelves/Computer_Science/Programming_Languages/Python_Programming_(OpenStax)/03%3A_Objects/3.01%3A_Strings_Revisited,,no,"A cipher the strings chapter explains so the reader has something to implement; the definition is about cryptography, not about Python."
snake-case,Snake case,snake case,https://eng.libretexts.org/Bookshelves/Computer_Science/Programming_Languages/Python_Programming_(OpenStax)/01%3A_Statements/1.03%3A_Variables,,yes,
sorting,Sorting,,https://eng.libretexts.org/Bookshelves/Computer_Science/Programming_Languages/Python_Programming_(OpenStax)/09%3A_Lists/9.02%3A_Sorting_and_Reversing_Lists,y,borderline,The page's definition - arranging elements in ascending or descending order - is something this audience already has; what the section actually teaches is the difference between sort() and reverse().
split-method,split() method,split(),https://eng.libretexts.org/Bookshelves/Computer_Science/Programming_Languages/Python_Programming_(OpenStax)/08%3A__Strings/8.05%3A_Splitting_Joining_Strings,,yes,
statement,Statement,statement|statements,https://eng.libretexts.org/Bookshelves/Computer_Science/Programming_Languages/Python_Programming_(OpenStax)/01%3A_Statements/1.00%3A_Introduction,,yes,
step-size,Step size,step size,https://eng.libretexts.org/Bookshelves/Computer_Science/Programming_Languages/Python_Programming_(OpenStax)/05%3A_Loops/5.01%3A_While_Loop,y,yes,
string,String,string|strings,https://eng.libretexts.org/Bookshelves/Computer_Science/Programming_Languages/Python_Programming_(OpenStax)/01%3A_Statements/1.04%3A_String_Basics|https://eng.libretexts.org/Bookshelves/Computer_Science/Programming_Languages/Python_Programming_(OpenStax)/03%3A_Objects/3.01%3A_Strings_Revisited|https://eng.libretexts.org/Bookshelves/Computer_Science/Programming_Languages/Python_Programming_(OpenStax)/08%3A__Strings/8.00%3A_Introduction|https://eng.libretexts.org/Bookshelves/Computer_Science/Programming_Languages/Python_Programming_(OpenStax)/08%3A__Strings/8.02%3A_String_Slicing,,yes,
string-length,String length,string length|length,https://eng.libretexts.org/Bookshelves/Computer_Science/Programming_Languages/Python_Programming_(OpenStax)/01%3A_Statements/1.04%3A_String_Basics,,borderline,"The phrase explains itself, and the content a reader needs from this section is len(), which the term names only indirectly."
sum-function,Sum function,sum () function|sum (),https://eng.libretexts.org/Bookshelves/Computer_Science/Programming_Languages/Python_Programming_(OpenStax)/09%3A_Lists/9.03%3A_Common_List_Operations,,borderline,Guessable from the name; same as max() and min().
super,super(),super (),https://eng.libretexts.org/Bookshelves/Computer_Science/Programming_Languages/Python_Programming_(OpenStax)/13%3A_Inheritance/13.03%3A_Methods,,yes,
syntax,Syntax,syntax,https://eng.libretexts.org/Bookshelves/Computer_Science/Programming_Languages/Python_Programming_(OpenStax)/01%3A_Statements/1.01%3A__Background,,yes,
traceback,Traceback,traceback,https://eng.libretexts.org/Bookshelves/Computer_Science/Programming_Languages/Python_Programming_(OpenStax)/01%3A_Statements/1.06%3A_Error_Messages,,yes,
transpose-operator,Transpose operator,T operator|transpose operator,https://eng.libretexts.org/Bookshelves/Computer_Science/Programming_Languages/Python_Programming_(OpenStax)/15%3A_Data_Science/15.02%3A_NumPy,,yes,
try-statement,Try statement,try statement,https://eng.libretexts.org/Bookshelves/Computer_Science/Programming_Languages/Python_Programming_(OpenStax)/14%3A_Files/14.04%3A_Handling_Exceptions,,yes,
tuple,Tuple,tuple|Tuples|tuples,https://eng.libretexts.org/Bookshelves/Computer_Science/Programming_Languages/Python_Programming_(OpenStax)/03%3A_Objects/3.05%3A_Tuple_Basics,,yes,
unicode,Unicode,,https://eng.libretexts.org/Bookshelves/Computer_Science/Programming_Languages/Python_Programming_(OpenStax)/03%3A_Objects/3.01%3A_Strings_Revisited,,yes,
upper-method,Upper() method,upper()|upper() method|upper() methods,https://eng.libretexts.org/Bookshelves/Computer_Science/Programming_Languages/Python_Programming_(OpenStax)/08%3A__Strings/8.01%3A_String_Operations,,borderline,The name states the behaviour; same as lower().
value,Value,value|values,https://eng.libretexts.org/Bookshelves/Computer_Science/Programming_Languages/Python_Programming_(OpenStax)/10%3A_Dictionaries/10.01%3A_Dictionary_Basics,,borderline,As a dictionary term it is one half of key-value and Key already carries that; standing alone the word is too general to look up.
variable,Variable,Variables|variable,https://eng.libretexts.org/Bookshelves/Computer_Science/Programming_Languages/Python_Programming_(OpenStax)/01%3A_Statements/1.03%3A_Variables,,yes,
while-loop,While loop,while loop,https://eng.libretexts.org/Bookshelves/Computer_Science/Programming_Languages/Python_Programming_(OpenStax)/05%3A_Loops/5.01%3A_While_Loop,,yes,